age,study_hours_per_day,sleep_hours,phone_usage_hours,social_media_hours,attendance_percentage,stress_level,assignments_completed,productivity_score
21,2.9,8.3,4.0,3.2,90.6,3,7,46.0
21,4.4,3.8,5.9,4.1,50.6,4,9,31.9
22,3.4,6.4,6.5,5.2,63.3,4,3,40.5
22,1.7,6.4,3.8,2.5,92.7,7,15,43.9
19,4.4,4.8,2.8,2.7,77.5,10,22,51.3
21,5.0,5.8,5.6,4.1,51.2,5,8,41.5
20,5.1,7.5,3.5,3.2,75.2,10,9,50.7
21,5.0,5.9,5.6,2.9,83.6,10,5,44.7
18,3.2,7.3,6.3,3.8,72.4,1,19,55.9
19,4.3,4.5,3.9,2.3,74.5,9,14,43.4
23,5.4,7.1,4.6,2.7,86.1,6,21,70.6
22,5.1,10.0,1.9,1.9,73.4,2,14,53.2
22,1.5,3.4,2.4,1.8,69.1,10,19,24.1
19,3.1,7.8,3.7,1.9,53.4,9,10,37.5
21,4.4,5.5,5.3,4.4,100.0,8,7,39.2
23,6.0,7.2,2.1,2.0,79.7,6,5,57.3
24,7.0,7.3,2.7,1.8,66.8,7,26,73.4
24,2.4,7.2,1.0,0.7,76.2,4,9,50.8
20,4.1,6.6,4.3,3.2,92.9,1,25,65.2
20,3.8,7.4,2.0,1.0,96.4,5,28,79.7
20,4.5,5.0,3.8,2.1,83.2,4,18,52.4
22,4.6,5.6,0.9,1.2,74.1,5,9,60.0
23,2.8,5.7,0.5,1.5,100.0,6,10,57.6
24,4.3,9.6,2.8,2.0,86.7,3,6,44.0
22,3.2,4.9,6.2,3.6,95.0,4,3,42.0
18,5.3,6.4,3.8,2.4,53.1,1,10,64.4
19,4.1,6.2,3.9,2.2,48.6,7,21,49.3
22,4.8,7.4,4.7,2.7,70.9,7,18,57.4
19,3.8,9.5,2.4,1.3,46.0,4,8,38.6
20,3.3,5.6,3.7,2.5,79.3,10,29,61.6
24,4.4,7.7,3.6,2.7,62.9,5,19,60.5
21,6.0,6.2,3.8,3.4,49.2,9,21,62.4
19,5.1,7.5,6.6,4.9,81.2,4,17,55.5
20,4.9,7.1,1.8,0.8,58.3,10,20,55.6
18,8.5,5.1,4.5,2.9,77.8,1,29,74.6
18,5.0,7.0,4.5,3.8,81.0,9,20,56.1
24,7.7,8.3,1.1,0.9,65.2,7,14,65.3
24,3.5,5.3,5.7,4.5,75.8,9,28,55.4
21,2.5,9.4,4.4,3.1,74.5,7,6,32.4
23,4.5,6.5,3.3,1.8,87.2,6,6,54.6
18,2.4,4.1,4.5,3.6,57.3,4,29,42.7
19,4.6,5.8,4.1,3.1,53.9,8,29,60.9
24,4.0,7.7,5.1,4.0,79.9,8,3,45.6
21,3.3,3.7,5.8,3.9,73.9,1,24,39.3
20,3.8,6.5,4.8,3.3,85.6,5,24,65.2
23,7.1,6.3,3.9,3.2,70.4,8,18,67.1
22,4.8,7.2,3.5,2.2,81.0,5,13,60.1
18,1.4,6.2,5.9,4.2,87.4,1,13,44.0
22,1.6,3.4,2.6,1.2,95.8,4,10,28.8
21,2.2,8.5,4.4,3.1,86.4,5,13,40.0
20,3.7,5.5,1.7,0.9,95.5,3,7,48.6
18,5.0,8.0,2.5,1.5,62.3,2,28,64.2
23,7.4,7.0,4.8,3.3,62.5,9,28,67.4
23,0.5,8.1,3.7,2.1,74.4,10,10,32.2
18,3.5,7.1,4.1,3.0,75.2,9,14,47.0
18,4.3,6.3,3.5,2.2,93.2,3,10,61.0
20,7.1,6.5,4.1,2.9,70.6,6,23,69.3
23,2.2,5.1,3.9,2.7,85.3,7,9,41.9
18,3.2,6.2,4.8,3.3,79.8,3,20,52.8
18,5.3,4.2,5.2,3.7,80.4,1,19,47.5
22,5.7,7.4,2.4,2.9,62.6,3,27,76.8
22,1.9,9.4,0.5,0.2,91.6,4,4,34.7
20,2.0,5.9,4.6,3.0,83.8,8,16,41.4
21,4.6,5.6,5.6,4.1,71.6,3,28,61.8
18,2.9,6.4,5.9,4.1,70.4,4,5,28.4
19,1.6,8.0,2.9,2.5,84.9,2,3,36.1
24,4.2,8.1,3.4,3.0,59.0,5,4,41.5
20,3.8,5.2,1.8,1.8,60.7,8,9,43.4
24,2.0,6.7,2.3,1.7,70.8,3,17,49.8
24,4.3,3.3,6.4,4.3,100.0,8,20,39.0
24,2.8,5.4,4.5,3.3,66.3,4,12,41.4
22,2.7,4.6,3.1,2.2,78.3,10,11,41.2
21,4.4,7.2,5.7,3.7,59.0,1,25,67.1
18,4.4,5.5,2.1,0.9,85.5,2,4,54.8
23,4.0,5.2,3.2,2.0,100.0,3,23,64.8
22,4.8,4.1,7.6,5.8,83.7,7,17,33.3
22,4.0,9.2,3.4,1.4,58.2,3,15,45.9
19,5.7,6.0,2.7,1.5,85.9,1,15,65.4
19,6.1,7.7,3.8,1.9,62.4,2,6,59.9
22,2.1,3.8,3.1,2.5,62.3,7,27,37.1
20,4.2,4.2,3.7,1.5,84.3,5,11,39.5
22,4.8,7.4,3.8,3.4,64.6,1,23,72.5
23,4.7,5.4,3.2,1.8,89.2,6,14,58.4
24,6.3,8.2,1.7,1.0,65.7,10,8,58.0
22,4.8,5.2,5.1,3.8,77.9,5,17,51.6
22,3.7,8.5,4.9,3.0,93.0,2,5,53.1
20,4.1,5.3,3.6,2.7,75.2,4,13,52.0
23,4.8,6.2,3.7,2.6,84.9,2,25,67.9
19,2.8,7.5,4.3,2.9,100.0,5,9,47.0
22,4.3,6.4,5.5,3.7,59.4,2,20,52.2
24,5.3,6.6,5.0,3.8,85.7,10,24,57.4
21,5.3,7.7,1.9,1.8,69.6,5,26,73.3
20,5.3,7.7,2.0,1.9,68.1,2,5,59.3
19,4.7,3.2,3.5,2.4,52.5,1,22,49.1
18,3.0,5.2,4.3,2.4,55.7,8,18,46.5
24,5.3,7.1,4.0,2.9,95.3,1,24,74.8
18,5.9,4.5,5.3,3.5,77.1,6,12,40.4
18,5.1,5.0,2.2,1.8,71.0,10,24,53.5
23,4.0,7.8,2.4,1.7,57.8,10,16,47.3
22,3.0,5.2,2.5,1.7,77.1,4,23,58.7
19,4.8,7.2,6.4,4.4,66.7,9,23,53.9
21,3.6,5.1,5.0,3.1,100.0,4,19,52.8
18,4.4,4.7,3.8,2.2,76.1,1,11,53.4
24,2.3,6.2,6.4,4.2,80.8,6,7,34.9
21,8.1,7.8,3.3,2.3,63.4,9,27,69.5
20,1.2,5.1,3.8,3.6,71.3,3,3,33.4
21,3.9,6.1,3.8,2.2,87.9,9,28,60.7
23,4.1,5.1,3.7,2.6,87.8,7,21,57.1
21,4.9,8.6,5.8,4.2,74.2,8,18,45.5
21,3.2,6.6,5.1,3.0,67.1,6,13,43.4
19,6.5,6.2,6.5,4.3,80.9,4,25,64.0
21,5.7,5.0,4.8,3.6,78.6,5,20,60.2
21,2.6,7.6,5.3,3.6,100.0,3,6,37.4
18,4.9,5.1,4.9,3.5,100.0,6,23,68.0
18,5.0,5.8,4.7,3.9,85.3,4,20,63.7
21,4.4,6.2,4.1,1.8,46.7,9,4,38.6
22,2.4,7.3,1.9,1.4,100.0,3,7,58.2
18,3.2,7.5,5.8,4.3,72.4,3,9,50.7
22,1.2,4.9,4.7,3.6,87.3,4,8,37.2
19,4.3,6.8,2.7,1.2,85.9,2,3,47.2
19,3.7,5.4,1.9,1.4,46.9,1,26,66.2
21,2.5,6.5,2.3,1.0,82.0,2,23,61.1
24,3.0,6.6,5.4,4.4,53.1,2,10,44.5
20,3.1,4.8,4.2,2.2,93.8,8,19,47.3
18,3.1,5.0,1.6,1.0,61.4,7,18,53.5
24,3.8,6.4,3.8,2.4,59.8,1,13,49.7
23,2.8,5.7,5.5,3.6,54.2,2,7,33.6
20,3.3,6.2,5.9,4.4,58.0,2,24,44.9
19,5.9,5.7,4.3,2.9,87.9,8,14,61.1
20,5.1,6.6,5.4,3.4,67.8,3,18,57.1
18,4.7,6.4,3.4,2.6,57.4,10,25,48.9
21,7.0,5.9,3.4,2.5,100.0,8,26,74.8
22,6.3,4.8,5.1,4.2,88.4,7,5,47.1
18,3.7,7.1,7.4,5.3,82.0,2,13,46.1
21,1.5,9.0,6.0,4.2,100.0,10,29,41.1
20,2.6,9.6,4.1,3.6,86.7,6,9,32.5
19,7.0,5.5,5.5,3.5,69.2,7,16,66.5
23,6.4,7.2,4.0,2.9,79.4,4,3,60.2
23,6.1,7.0,2.8,1.3,62.4,2,29,78.4
24,4.8,6.8,4.1,3.1,88.2,7,4,50.9
18,7.2,6.0,7.8,5.0,70.4,1,27,68.9
21,7.4,5.0,6.3,4.2,87.8,7,26,61.3
23,5.1,7.6,4.7,3.0,100.0,1,18,66.3
21,4.3,5.0,5.1,3.9,58.1,3,27,56.8
21,1.8,6.1,1.7,1.3,65.6,6,17,46.1
20,5.2,6.6,2.5,1.8,65.2,3,20,68.8
20,3.0,8.3,4.6,2.7,94.7,1,12,54.8
19,3.8,7.2,3.6,2.9,77.1,10,15,50.7
20,2.3,9.5,8.0,5.6,70.8,6,22,33.9
20,4.3,7.5,4.8,3.4,76.4,5,3,43.2
22,5.1,8.4,4.2,1.9,100.0,5,11,51.0
21,0.9,4.5,2.0,1.7,65.4,8,6,24.7
24,4.9,6.4,1.7,1.3,91.1,3,22,75.2
23,1.9,5.2,3.6,2.7,88.2,5,14,46.5
20,2.2,7.2,7.5,5.8,44.0,5,13,33.0
18,1.8,4.6,7.5,5.3,78.5,4,3,20.3
23,5.3,7.9,5.3,4.2,72.1,7,8,53.3
20,4.4,7.4,3.4,2.2,57.4,4,12,54.3
22,3.4,6.2,3.2,1.7,94.4,1,8,62.0
23,1.5,4.6,2.7,2.2,54.0,10,5,22.0
21,1.2,8.7,3.5,2.2,87.0,1,6,44.8
23,5.3,4.9,1.9,1.1,85.6,8,6,48.5
24,3.2,4.7,2.8,2.1,67.5,4,23,60.4
24,3.8,5.4,5.6,4.5,77.3,10,28,58.8
24,4.2,7.1,4.0,2.5,72.1,3,13,62.6
19,7.2,7.0,6.0,4.0,79.2,5,29,75.4
22,1.0,5.9,4.5,3.2,66.6,4,28,46.1
18,0.5,9.0,4.6,3.0,71.3,6,15,29.2
23,7.4,6.3,4.5,3.8,100.0,10,10,65.9
20,7.0,5.4,4.3,3.7,86.5,2,7,63.1
23,4.3,9.0,6.4,4.1,69.5,2,18,46.8
20,6.4,8.7,5.1,3.4,55.5,2,8,54.8
24,0.5,4.7,4.0,2.8,79.1,4,12,31.3
18,4.0,5.7,4.5,3.6,63.6,8,7,41.3
20,3.9,5.6,4.3,2.8,58.5,6,27,56.9
20,2.5,6.6,4.6,3.3,52.9,5,9,39.2
24,2.7,5.1,0.5,0.2,87.2,7,3,50.7
24,4.8,8.7,6.9,4.2,87.8,3,20,51.1
19,3.7,5.2,4.6,2.1,75.5,10,28,46.1
24,4.2,4.5,3.6,2.8,68.1,5,7,39.4
21,3.1,5.9,4.6,3.0,82.2,2,4,50.8
19,3.0,6.6,3.1,2.2,62.2,7,29,46.1
23,7.2,8.2,3.7,2.2,78.9,1,19,79.3
18,2.1,9.5,5.8,4.3,71.4,9,17,24.0
21,4.7,8.6,0.7,0.6,49.3,8,25,56.5
22,4.0,9.5,4.8,2.5,94.1,9,3,35.5
24,6.4,6.7,2.6,1.5,43.0,4,8,56.6
23,3.2,4.6,5.1,4.2,68.8,6,18,50.7
24,3.5,9.4,4.7,2.3,75.0,8,28,46.2
23,5.2,7.3,2.9,1.5,70.3,10,3,45.1
21,5.0,8.8,6.2,4.1,61.0,5,3,32.5
19,4.5,6.0,3.9,3.3,60.3,1,9,47.8
23,4.9,5.7,6.5,5.5,62.4,10,23,54.2
24,5.3,8.8,3.7,2.5,78.3,5,25,65.5
22,6.5,7.8,5.4,3.9,67.4,3,10,57.9
24,3.3,9.0,4.3,3.1,83.4,3,16,53.2
22,3.0,7.5,4.0,2.6,66.2,5,5,44.5
21,4.8,6.9,3.6,2.4,100.0,8,22,61.6
20,5.7,9.3,4.9,3.1,48.6,6,10,42.6
20,2.0,5.9,3.1,2.4,60.9,9,7,32.6
18,4.1,6.6,5.6,3.6,50.9,1,16,44.7
22,1.5,7.7,4.7,3.2,65.2,2,14,40.2
18,3.4,7.1,5.0,4.3,80.1,7,29,55.1
18,6.9,7.1,4.5,3.8,95.1,8,8,68.3
21,2.4,8.9,3.2,2.7,76.0,1,9,45.6
18,2.7,7.4,6.0,3.9,78.8,3,3,32.8
24,2.9,7.5,5.9,4.2,75.5,3,23,50.7
24,4.3,6.1,4.7,3.4,78.6,10,10,38.5
21,4.4,7.3,1.9,1.6,75.5,7,9,59.5
21,2.2,5.8,4.5,3.1,39.3,1,6,39.8
18,5.3,6.2,1.3,0.5,37.6,8,24,56.6
24,4.5,7.4,4.9,3.3,70.9,2,10,55.3
23,0.5,6.9,2.3,1.3,83.1,3,5,41.3
22,4.7,5.3,5.5,3.3,39.1,5,16,51.2
21,2.2,8.3,4.3,2.5,65.5,10,19,37.7
20,4.1,6.0,4.0,2.9,85.7,4,9,51.5
22,5.7,9.7,5.5,4.7,55.2,1,12,49.5
22,4.8,7.2,4.0,3.1,72.2,9,15,58.3
22,4.6,7.3,3.0,1.7,64.4,4,9,48.3
19,3.0,3.8,2.9,1.3,65.7,10,28,45.1
19,4.0,5.3,2.2,1.5,90.9,6,23,57.7
24,6.1,7.3,6.7,4.3,74.5,2,15,57.9
19,5.3,7.0,4.5,3.6,72.2,6,11,47.3
23,3.0,8.3,1.6,1.1,59.4,1,16,55.7
18,4.0,5.9,1.7,1.4,70.5,9,24,59.7
18,4.9,6.5,1.7,1.2,60.8,2,25,75.2
21,3.4,4.1,4.8,3.1,82.1,6,22,38.8
19,4.2,5.8,8.0,5.7,90.7,7,9,39.7
21,2.0,6.4,8.0,5.5,97.9,8,23,35.8
21,6.0,7.0,5.6,3.8,86.8,2,26,69.8
19,6.0,5.0,0.5,0.2,53.5,5,26,72.7
22,3.9,8.4,2.4,1.5,67.8,8,19,46.6
24,5.3,3.0,3.1,1.6,71.3,5,14,37.4
21,0.8,8.2,3.6,1.7,72.6,3,17,46.6
22,4.0,3.9,3.8,2.4,84.6,10,11,35.5
22,6.0,8.3,3.1,2.6,80.0,5,16,68.9
19,4.4,4.4,2.1,1.4,83.6,5,7,34.6
19,3.5,7.3,1.5,1.1,95.0,1,16,65.4
21,3.3,4.4,4.0,3.1,66.8,1,26,58.4
20,3.4,4.5,2.4,1.4,91.6,6,20,39.1
20,4.2,7.8,7.1,4.5,63.4,5,13,48.8
24,5.5,8.4,3.3,2.5,50.8,1,11,49.5
24,5.8,7.0,0.7,0.7,33.4,3,6,68.6
24,5.3,6.8,4.0,3.6,77.4,4,10,68.9
24,2.9,6.4,5.9,4.3,73.8,9,4,30.4
24,5.0,7.6,3.4,1.9,70.8,1,26,68.5
18,4.0,7.0,5.6,4.4,76.5,3,25,55.1
24,5.7,8.9,4.9,3.3,84.6,2,4,41.3
24,3.9,7.3,6.0,4.3,70.9,5,18,59.0
21,0.5,6.8,4.9,3.5,74.8,4,18,38.7
24,4.4,7.8,2.6,2.3,83.1,7,9,52.4
22,3.0,7.3,5.0,3.2,63.3,3,20,53.6
19,3.7,5.6,3.3,1.8,67.4,7,21,56.6
18,0.7,5.3,3.3,2.3,91.1,7,29,48.5
20,5.1,6.8,5.0,4.4,65.1,10,12,43.1
19,2.3,7.9,4.8,3.8,58.5,8,21,49.3
23,1.0,5.1,1.9,1.0,67.0,9,27,49.8
23,4.4,7.1,4.7,3.3,46.2,4,25,57.0
18,6.3,8.5,2.9,2.6,82.4,10,16,60.1
24,4.8,7.2,4.4,2.5,92.5,4,27,72.3
19,4.5,7.3,2.9,1.7,81.4,1,8,55.6
19,3.7,5.1,6.1,4.4,64.2,3,14,38.9
19,7.0,6.8,2.7,2.1,73.8,6,13,65.0
21,5.7,7.2,2.7,1.6,63.0,3,12,68.4
21,7.0,5.3,4.3,2.3,45.3,6,25,67.6
23,2.8,6.9,4.0,3.3,79.3,2,23,58.6
24,4.6,9.1,5.6,3.9,80.0,10,19,44.6
21,5.2,4.8,4.2,2.7,67.1,9,15,41.7
22,5.4,4.6,4.4,3.0,76.8,2,25,60.6
18,3.5,5.9,5.0,3.7,71.8,7,10,36.9
20,2.8,6.1,4.3,3.1,86.0,8,3,35.6
18,3.3,9.6,3.7,2.4,100.0,7,5,37.4
24,5.3,4.6,5.2,3.3,69.9,9,23,59.1
19,5.1,8.1,4.1,2.9,87.3,10,29,66.0
20,4.0,9.3,4.6,3.0,76.5,10,12,38.8
20,5.3,6.4,4.5,2.8,92.6,7,19,63.2
20,4.6,8.1,1.3,0.8,59.2,7,27,66.1
20,3.3,6.7,3.2,2.1,85.9,10,19,48.1
21,4.2,7.4,3.6,2.5,58.1,4,13,52.0
22,0.5,7.1,7.1,5.0,63.9,4,14,31.8
19,3.5,3.3,5.4,3.2,61.7,2,15,30.2
18,5.0,6.8,3.0,1.6,66.6,3,17,62.8
22,3.2,6.4,3.1,1.5,57.1,3,22,55.1
24,6.2,7.1,3.1,1.9,90.6,10,6,56.0
22,6.1,5.5,1.1,0.8,81.7,4,27,77.1
18,4.3,6.4,3.9,2.7,73.8,5,14,53.5
21,2.5,5.9,1.9,0.7,77.3,5,16,57.4
23,3.2,5.7,5.9,4.0,82.0,8,16,45.0
19,1.7,7.4,4.8,3.0,69.1,2,15,39.2
21,4.5,7.9,5.1,3.6,61.8,7,8,46.4
21,4.8,5.4,6.1,4.1,84.7,7,9,48.9
23,0.5,6.4,6.0,5.1,66.3,7,19,35.2
18,3.0,5.8,3.3,3.3,75.5,7,24,53.7
23,4.5,7.4,4.0,2.3,41.7,10,21,56.5
23,5.2,8.0,2.0,0.9,100.0,2,15,72.0
23,4.8,5.6,6.1,4.5,75.1,5,7,42.5
18,5.2,4.8,5.0,4.3,54.8,8,10,39.2
20,2.3,8.1,3.2,2.4,84.0,10,23,48.7
21,3.1,4.7,5.1,3.5,83.7,7,5,33.8
20,4.4,4.0,3.9,3.4,69.9,7,14,38.4
24,5.9,6.2,1.6,1.6,81.9,9,17,61.9
24,4.4,7.4,0.5,0.3,100.0,1,6,70.1
22,4.4,5.3,3.2,2.4,52.2,8,9,43.0
24,2.9,7.8,5.0,3.5,70.6,1,10,54.6
21,4.0,5.7,4.4,2.1,56.2,4,26,53.6
19,3.0,10.0,1.9,1.1,50.6,6,6,28.1
21,2.5,6.8,3.7,2.2,100.0,6,3,36.4
20,3.5,9.2,3.3,2.8,72.1,10,17,39.0
24,2.3,5.2,4.0,2.5,68.0,7,26,52.4
23,3.6,5.8,1.0,0.5,89.2,9,22,59.7
22,3.6,6.4,3.4,3.0,88.0,7,6,45.7
22,6.1,6.8,2.5,1.6,80.8,10,26,76.8
21,4.8,5.6,3.7,2.3,43.4,7,13,42.2
20,2.0,5.8,6.3,3.7,88.0,5,7,27.2
20,7.1,5.2,2.5,2.0,71.9,10,13,57.5
22,3.5,8.9,4.8,3.9,48.9,3,16,45.0
22,5.4,6.8,1.5,0.7,92.7,4,7,70.1
19,4.5,7.5,1.1,0.2,61.3,4,26,62.9
22,3.8,8.0,1.8,1.0,91.0,5,22,68.9
19,4.9,7.1,3.2,2.1,75.8,5,25,60.1
22,1.1,7.7,2.2,1.0,42.7,6,16,43.1
21,2.2,8.9,4.8,3.4,97.0,9,8,31.3
20,1.8,7.9,6.5,4.6,54.4,2,3,24.6
23,3.0,5.2,2.0,1.1,76.8,9,5,31.8
18,7.0,7.0,5.3,4.1,70.2,9,5,51.7
18,3.6,5.0,6.5,5.0,59.8,2,21,47.7
21,4.3,5.2,0.7,0.3,60.7,8,7,46.5
23,5.1,8.5,4.2,3.0,92.1,8,6,48.4
18,1.3,7.3,3.5,2.7,55.2,9,25,44.9
20,2.8,6.1,4.6,3.9,88.5,9,25,58.5
18,4.4,6.4,3.4,2.1,68.0,6,8,53.0
22,2.4,6.1,5.3,3.6,52.1,1,14,41.3
24,2.9,7.0,4.0,3.5,69.2,7,23,43.0
20,7.7,7.2,1.0,0.7,96.5,5,26,93.0
22,1.1,7.0,0.5,1.0,86.2,1,3,44.2
24,6.4,5.6,6.2,4.4,95.6,10,12,49.8
20,3.0,5.1,4.3,2.8,74.3,9,19,42.0
21,5.8,6.6,2.9,2.3,57.5,4,23,69.8
19,3.6,8.8,5.1,3.1,100.0,7,9,47.1
22,2.2,7.3,5.0,2.9,65.4,2,23,57.7
22,3.9,7.8,2.5,1.4,80.8,3,27,71.0
19,4.8,8.6,3.3,2.5,79.5,3,26,62.0
18,5.7,6.8,2.0,1.1,78.2,6,6,54.3
20,1.9,4.5,3.3,2.6,85.6,3,9,41.7
22,7.9,5.2,2.2,1.6,100.0,10,10,61.7
19,3.9,6.4,3.7,2.6,68.4,5,13,49.9
23,2.1,6.9,5.4,3.7,91.2,9,3,27.7
24,6.8,7.2,5.1,3.0,68.9,6,4,52.0
24,3.1,5.9,2.8,1.9,99.1,2,19,65.4
18,6.5,6.6,5.3,4.6,56.9,8,23,66.0
18,6.1,7.2,5.3,3.7,64.5,10,10,43.1
18,2.8,8.8,3.2,1.8,69.3,10,14,39.0
23,3.7,6.3,1.9,0.8,81.1,9,29,61.0
21,5.2,5.3,6.1,4.1,98.6,9,9,41.5
22,4.1,4.8,5.2,3.7,95.5,10,12,42.2
18,4.8,6.9,4.6,3.0,84.3,8,13,50.9
18,4.7,6.1,2.6,1.7,74.0,6,16,60.4
19,4.8,6.4,4.8,3.3,63.7,8,12,52.0
22,3.4,7.2,4.5,3.4,86.5,3,23,58.3
20,2.9,7.5,3.8,1.9,100.0,10,23,44.2
19,3.7,5.5,1.4,0.7,78.1,8,18,47.5
23,5.1,8.1,3.6,2.1,51.4,4,23,69.9
20,3.8,4.9,5.4,4.3,77.9,10,16,42.8
23,2.5,5.4,5.5,3.9,81.0,2,3,30.2
20,5.7,5.4,5.9,3.6,100.0,3,27,60.6
22,2.7,6.0,6.6,4.9,58.1,5,12,34.3
23,4.0,4.2,4.3,3.3,52.6,7,10,38.1
20,5.0,7.2,2.8,2.5,85.0,1,29,72.3
18,0.5,6.0,4.6,2.8,96.9,10,17,30.8
23,3.4,8.9,2.9,2.4,81.7,10,17,47.9
20,1.3,7.1,1.3,0.8,77.7,8,28,54.0
19,4.3,7.2,1.1,1.3,72.3,5,19,64.8
19,3.9,5.1,3.9,2.2,64.8,9,3,43.9
22,3.4,6.6,3.0,1.8,100.0,9,23,55.6
23,4.3,5.7,5.8,3.6,92.7,3,22,66.4
24,4.7,5.6,4.6,3.7,69.5,5,16,55.2
23,4.0,6.7,5.0,3.8,71.0,3,28,65.6
18,4.3,5.8,3.1,1.7,65.5,1,27,63.4
18,5.2,5.0,5.3,3.5,92.3,3,17,62.6
21,3.6,5.5,3.5,2.8,71.1,3,17,45.6
24,3.7,7.2,3.2,2.0,95.2,1,7,67.8
20,1.2,7.5,3.3,2.3,76.3,4,4,40.1
19,4.6,6.8,2.5,1.5,88.4,7,24,64.8
24,3.5,3.7,2.7,1.6,74.3,8,23,42.7
21,3.8,8.4,3.3,3.0,41.3,6,14,50.9
23,7.9,6.0,5.2,3.4,75.5,8,25,75.7
20,4.2,6.3,2.9,1.9,73.8,6,6,49.6
24,4.5,7.2,4.2,2.1,32.2,3,3,41.5
21,5.6,10.0,0.5,0.2,99.1,4,15,61.9
18,3.6,5.1,5.0,3.1,86.2,7,20,47.7
19,6.2,5.8,1.0,0.8,96.5,4,17,74.1
23,5.9,7.6,5.9,3.8,87.7,2,29,79.9
22,3.8,6.4,5.7,3.5,95.4,1,29,75.1
22,1.2,6.2,3.9,2.3,52.9,5,11,42.3
22,6.0,5.9,3.4,1.5,89.6,2,4,54.3
22,8.5,5.7,3.4,1.4,65.4,2,25,79.4
18,6.3,6.1,2.6,1.9,68.0,8,7,58.1
21,5.9,9.6,5.1,3.3,70.1,2,11,53.9
24,3.7,6.7,7.8,5.8,46.0,9,17,32.6
18,2.1,6.6,2.6,1.1,48.1,2,9,37.8
23,5.8,5.4,3.9,2.6,100.0,10,26,64.1
22,4.9,4.3,2.9,1.8,60.9,6,14,49.3
19,4.0,9.7,2.5,1.6,64.5,5,3,35.6
22,4.5,5.7,3.3,2.8,82.1,2,10,61.2
18,3.9,7.5,7.0,4.8,74.1,10,8,36.9
19,7.2,6.7,6.9,5.3,74.4,9,3,45.1
24,5.0,7.0,5.4,3.8,100.0,10,25,68.4
18,3.5,7.2,5.3,4.2,54.5,6,9,46.6
18,3.9,5.8,5.5,4.0,45.6,5,26,53.9
23,3.7,6.2,5.2,3.6,99.8,1,9,50.4
23,3.0,5.0,5.0,3.4,84.9,5,11,40.7
18,5.5,5.3,4.5,3.0,100.0,3,22,77.6
22,6.1,6.7,2.5,1.9,85.0,3,21,70.0
22,7.3,6.4,3.2,2.5,65.6,6,7,59.2
20,2.9,6.9,4.4,2.8,83.6,4,4,40.0
18,0.8,7.8,4.1,2.7,76.9,3,6,35.1
23,3.0,7.2,4.5,3.7,87.3,6,11,51.7
21,1.4,8.8,3.5,2.2,75.9,3,21,47.0
18,5.1,6.0,3.4,2.9,67.9,10,23,62.8
20,9.0,8.9,7.6,5.6,100.0,7,10,58.5
18,3.0,7.4,5.4,4.2,75.3,6,17,50.4
21,3.3,9.8,0.9,0.2,75.3,3,14,48.0
21,4.6,5.6,3.9,2.5,76.4,8,5,39.8
20,2.3,7.4,3.9,2.7,44.6,8,27,55.0
23,3.1,5.4,2.4,1.3,79.6,1,17,47.4
22,2.3,7.7,2.4,1.2,70.7,9,23,50.5
24,3.5,4.8,4.1,3.3,78.5,4,12,47.2
18,1.4,7.9,3.7,2.4,61.0,9,17,50.0
23,1.3,6.9,4.8,2.8,47.4,4,27,46.6
21,1.2,7.0,2.8,1.3,81.5,2,19,53.2
23,4.8,6.7,4.8,3.3,94.2,2,23,60.1
24,5.5,7.7,4.5,2.7,89.6,10,10,52.6
21,5.6,6.4,3.2,2.4,100.0,10,21,62.8
20,1.7,6.4,7.3,5.8,53.0,2,6,35.9
19,1.5,6.0,2.7,1.6,55.9,3,7,40.3
19,6.8,8.6,1.9,1.0,79.7,9,11,54.8
18,1.2,6.8,6.2,4.7,92.6,6,4,29.9
18,4.4,7.0,3.1,1.6,81.1,4,20,62.6
24,1.6,6.1,3.7,2.4,81.6,6,6,32.6
20,3.2,3.6,3.0,2.6,91.5,1,12,50.9
20,5.2,7.0,4.4,3.3,68.2,5,26,60.7
24,5.5,5.5,1.4,1.6,63.7,1,26,83.0
23,7.6,8.4,5.5,4.5,55.2,7,11,58.1
21,5.6,6.7,4.0,3.2,70.7,4,19,64.3
24,5.7,8.1,1.9,1.2,60.8,3,18,66.9
24,6.1,8.1,4.6,3.6,84.0,9,28,69.6
20,5.0,7.8,3.6,3.3,91.6,6,6,53.2
18,4.0,6.3,4.1,3.3,68.2,5,19,52.7
24,5.7,7.5,3.2,1.8,65.2,7,3,52.6
20,6.3,6.7,3.7,2.5,81.5,4,12,63.3
23,4.0,5.3,0.5,0.2,82.1,2,20,66.1
18,3.6,4.2,2.9,1.8,100.0,5,8,41.8
22,5.1,7.1,3.7,2.5,88.5,2,8,56.6
19,6.2,8.3,3.7,2.2,100.0,8,11,68.8
24,3.7,7.3,3.7,2.5,65.0,6,23,55.7
18,4.7,7.7,6.4,4.8,80.6,6,28,62.8
23,1.0,9.4,1.5,1.8,59.7,7,25,38.8
18,3.0,7.6,4.1,2.5,94.5,8,18,50.1
24,6.2,8.0,5.5,4.0,78.6,8,21,56.3
23,3.1,6.2,1.0,0.4,85.4,6,26,68.5
22,3.1,3.3,4.3,3.6,80.9,7,21,34.3
22,5.2,4.6,3.1,1.8,94.5,6,13,52.1
20,5.0,7.2,5.7,3.6,100.0,6,12,57.3
21,3.4,4.2,2.4,1.3,71.6,9,24,48.0
21,4.6,5.3,2.7,1.9,92.6,6,7,48.7
20,4.9,5.7,3.3,2.2,60.4,5,27,75.9
24,2.7,4.8,3.9,2.5,66.2,3,28,54.1
22,6.0,8.4,4.9,4.2,89.9,10,24,64.7
22,2.7,7.2,5.2,4.0,55.6,2,27,55.9
24,5.9,6.5,3.9,2.5,76.4,1,12,68.0
18,1.0,8.6,6.0,4.6,85.3,2,6,34.7
19,3.5,7.6,4.8,3.3,96.6,9,20,54.4
18,0.5,5.5,3.3,2.7,89.4,2,21,41.0
24,3.9,5.4,2.3,1.6,64.9,6,27,56.4
24,4.3,6.9,5.4,3.9,66.0,6,23,52.0
24,5.1,5.0,5.3,3.6,67.1,10,9,39.5
24,4.6,5.7,5.3,4.4,40.9,5,19,58.2
19,5.9,7.3,3.5,2.4,96.0,9,12,67.7
22,6.5,7.8,3.6,2.8,100.0,10,18,62.6
23,3.9,5.7,2.6,2.9,84.1,9,27,63.6
20,2.2,9.3,5.9,4.3,97.5,6,21,42.1
18,3.9,3.1,2.5,1.1,49.3,2,26,45.8
22,3.7,5.0,2.7,1.5,68.4,10,20,48.1
23,4.0,3.5,3.6,2.7,81.3,7,21,50.5
19,4.8,5.4,2.4,2.2,71.6,7,24,59.3
19,0.5,9.1,5.6,3.3,85.6,3,24,35.1
23,4.1,5.7,3.4,2.3,75.0,7,10,46.0
18,4.9,5.3,4.2,3.1,83.1,5,14,50.7
24,2.4,6.3,5.2,3.2,70.9,10,6,33.3
23,7.0,5.7,2.2,1.4,94.3,1,3,68.5
23,7.7,7.3,2.5,2.0,88.1,10,11,60.5
18,7.7,7.4,5.9,4.2,59.2,5,20,66.1
22,6.5,9.6,1.9,0.9,100.0,3,28,77.5
24,2.8,7.0,4.5,3.3,68.6,8,23,54.3
24,3.9,9.0,3.5,2.3,65.5,4,24,55.7
19,5.5,8.9,4.3,2.5,63.9,9,23,45.9
21,4.1,6.4,2.9,1.8,82.1,2,28,68.5
23,3.0,6.9,3.8,3.0,100.0,4,11,53.2
18,5.3,7.2,3.4,2.5,52.7,2,11,56.8
22,3.8,7.9,5.4,3.8,64.1,9,16,45.3
23,5.6,8.3,3.8,2.7,61.8,2,21,59.6
22,3.9,8.2,3.5,3.0,100.0,9,14,52.6
22,2.6,5.0,5.1,4.3,80.1,2,17,42.5
21,4.9,7.8,4.2,2.8,80.2,2,23,71.4
24,2.8,3.0,4.0,2.1,85.5,3,26,44.8
21,6.4,4.0,3.1,2.1,100.0,1,25,73.5
22,4.5,7.8,3.4,1.8,45.5,6,19,61.8
22,5.5,9.1,3.5,2.5,72.7,8,9,48.3
23,3.9,6.6,4.9,3.4,93.1,9,18,57.8
20,1.8,6.8,2.7,1.7,94.3,5,17,49.0
20,1.8,7.9,4.5,2.7,65.8,2,16,46.5
22,2.6,5.0,3.7,2.1,95.6,5,10,47.7
23,3.3,4.8,5.6,3.6,60.9,1,29,55.0
20,2.2,7.1,1.9,2.2,56.0,7,21,47.7
24,3.2,6.6,2.4,1.2,71.6,6,10,46.0
24,2.1,3.2,6.0,4.0,72.8,8,9,8.0
18,5.8,6.5,2.5,1.6,66.3,1,15,66.0
23,2.9,4.1,2.9,1.6,89.5,9,12,42.2
19,3.9,5.9,4.7,3.4,75.1,2,29,64.8
19,3.7,6.7,5.7,3.8,69.3,6,25,56.1
20,7.2,6.2,2.5,1.6,57.9,6,12,67.5
19,7.4,7.7,3.3,2.4,74.3,3,5,60.7
24,2.7,6.8,1.9,1.7,63.1,8,27,54.6
23,4.1,6.5,5.8,3.9,76.8,10,25,52.3
20,6.0,5.9,5.7,4.0,63.1,9,7,40.7
23,5.1,3.0,4.1,3.3,67.7,6,18,39.6
19,5.8,4.2,3.8,2.3,63.4,3,9,41.5
19,7.3,7.3,2.7,2.3,85.1,3,28,88.5
22,3.9,7.5,3.1,2.6,60.0,4,28,54.7
19,4.1,6.9,4.2,2.8,48.8,9,22,49.9
22,6.4,5.1,3.7,2.4,47.8,2,3,55.2
22,2.9,6.2,6.1,4.6,67.4,7,6,31.9
21,3.1,7.6,4.4,2.6,66.0,6,24,50.4
23,0.8,6.3,4.6,2.8,100.0,8,22,46.8
23,7.0,6.0,6.2,4.6,71.1,6,22,63.3
20,4.1,9.1,5.3,3.4,69.6,1,20,51.8
22,4.0,8.7,4.0,2.5,64.4,7,11,47.6
23,5.2,6.9,3.6,2.4,79.8,7,25,64.9
21,2.6,8.1,6.0,4.3,62.3,8,21,46.1
18,3.6,5.1,4.8,3.2,55.0,10,23,40.5
22,3.7,5.3,4.5,3.3,80.4,1,19,68.8
22,5.8,8.0,5.3,4.3,64.5,5,28,64.3
18,5.9,4.5,3.3,2.2,95.2,9,23,54.2
23,3.7,8.5,4.6,3.1,74.2,1,15,56.0
18,4.2,7.0,4.9,4.3,65.7,10,27,50.0
19,5.3,5.4,5.1,3.5,70.5,10,27,56.7
19,3.9,7.4,2.7,2.2,100.0,5,13,54.9
22,4.4,7.2,3.3,2.5,62.4,5,23,59.9
20,6.8,6.1,5.4,4.8,93.4,1,20,75.7
21,2.8,8.7,5.1,4.4,91.1,1,3,44.1
19,4.1,6.2,4.4,3.4,86.7,10,8,53.8
18,5.6,6.4,3.8,2.5,100.0,4,25,74.5
24,7.1,7.2,3.2,2.3,75.9,9,26,83.5
19,4.3,6.4,3.7,2.8,76.3,9,15,59.0
22,4.1,8.0,6.8,3.9,74.1,8,6,37.6
21,3.6,6.5,6.9,4.5,74.7,4,19,44.2
24,1.1,4.5,4.9,3.2,98.4,3,21,44.1
18,4.9,6.7,3.8,2.6,63.3,4,7,47.4
19,5.6,6.0,6.2,4.5,62.9,5,22,62.0
20,3.4,6.0,2.3,1.4,80.5,9,8,46.3
19,2.3,6.4,3.2,2.1,63.7,10,27,41.2
19,5.9,8.1,6.8,4.8,78.9,1,5,52.7
22,3.2,6.8,5.6,4.1,69.7,8,29,50.2
23,1.7,6.7,2.7,1.7,88.9,8,20,46.6
21,5.4,7.9,2.3,1.6,61.4,8,4,50.3
18,4.1,7.5,2.5,2.0,70.8,2,3,40.3
23,7.1,8.8,2.3,2.4,92.3,6,28,69.6
20,4.3,6.1,3.8,2.1,64.4,9,7,42.5
18,3.2,4.5,4.6,3.6,41.4,2,17,32.5
20,6.9,6.2,3.6,1.9,74.1,2,22,69.3
22,2.5,5.6,4.5,3.4,58.3,10,17,32.8
21,4.1,4.2,2.5,1.9,93.5,7,6,38.4
22,6.0,6.2,6.2,4.1,92.0,4,7,54.6
20,4.6,6.0,3.0,2.9,98.1,2,8,60.5
21,5.2,6.5,3.9,3.1,77.7,1,10,62.9
22,2.8,6.0,5.2,3.7,64.0,3,26,61.2
21,4.6,6.1,5.6,3.5,43.8,6,22,39.0
19,1.9,7.8,0.9,0.9,66.7,4,15,49.5
21,4.8,7.2,4.3,2.9,76.5,4,22,63.0
21,3.4,5.9,4.9,3.1,82.2,3,4,45.5
21,5.6,9.9,5.4,3.5,97.4,6,29,53.2
20,6.8,3.9,5.0,3.4,100.0,2,22,71.7
24,1.4,7.2,3.0,2.1,80.2,1,7,39.1
18,4.2,4.6,3.5,3.4,61.5,9,6,31.8
21,7.5,8.2,3.8,2.5,52.7,3,26,70.2
24,8.6,5.2,4.8,3.3,85.9,7,25,79.7
21,1.0,5.1,1.2,0.2,54.9,5,17,38.8
22,2.8,3.7,5.9,3.9,53.9,1,9,26.1
24,3.0,8.2,4.5,3.2,34.4,10,14,31.8
18,5.3,4.2,4.2,2.7,72.3,10,19,53.5
19,2.6,7.5,6.7,5.1,84.4,9,18,42.9
19,4.8,9.1,6.5,4.7,94.6,9,20,42.3
22,4.2,5.0,2.1,1.9,61.1,2,22,65.9
22,5.9,8.7,5.3,3.7,85.6,8,8,41.3
24,2.8,6.5,0.5,0.5,97.3,5,19,75.4
19,4.2,6.0,4.7,3.4,61.4,8,20,47.0
24,3.7,7.2,3.7,3.0,62.6,3,8,50.6
22,4.2,9.5,2.5,1.8,87.2,10,23,52.9
21,4.1,5.7,6.5,4.8,81.3,6,27,47.3
24,3.9,7.1,3.8,2.7,98.1,9,25,60.3
19,5.0,7.8,5.1,3.2,80.8,10,12,47.7
21,5.5,5.2,4.3,3.1,81.9,3,27,62.9
20,5.3,7.2,5.0,3.4,78.1,9,10,45.6
24,0.5,7.4,5.7,3.8,75.3,5,3,23.7
24,4.3,4.7,2.1,1.6,72.9,1,27,65.0
19,3.6,7.2,5.3,3.3,68.3,7,4,40.2
19,3.4,7.1,1.6,0.8,52.0,2,3,46.4
20,6.2,6.2,4.7,2.6,93.6,7,11,60.9
23,3.4,4.8,5.7,4.1,55.6,7,11,24.7
18,1.8,8.0,4.8,2.9,51.4,8,29,41.4
21,3.2,7.0,4.5,3.1,95.2,6,23,60.6
19,7.8,5.5,6.0,4.1,76.5,2,5,56.3
24,5.4,7.5,2.4,2.1,45.7,10,6,35.2
18,1.8,6.3,3.0,1.9,50.7,8,15,36.2
23,8.7,8.8,4.4,3.4,90.3,6,13,66.3
19,3.7,8.4,3.8,2.9,61.1,9,21,43.0
20,4.7,8.1,6.0,4.7,70.4,8,17,44.1
22,5.6,4.4,1.2,1.0,68.9,3,25,64.0
22,6.2,6.4,4.4,3.0,85.8,6,6,61.9
24,2.5,5.3,2.6,2.2,57.7,5,22,53.1
21,4.1,6.2,4.8,4.1,64.0,10,26,61.7
19,3.6,5.1,4.6,3.2,79.9,1,14,57.6
23,4.3,8.2,3.9,2.5,89.4,3,24,73.7
20,3.4,5.1,3.8,2.1,100.0,9,4,35.7
20,6.6,6.5,5.5,4.4,82.1,4,12,52.9
18,6.2,3.6,4.5,3.5,89.2,8,24,57.3
24,2.1,6.1,0.5,0.7,47.6,3,20,55.1
18,1.1,6.8,5.4,4.2,49.9,4,25,43.7
19,4.0,8.6,4.7,3.1,62.9,10,28,52.3
19,4.5,7.1,4.3,3.3,79.9,4,18,60.3
22,6.9,7.8,3.9,2.8,60.0,6,24,67.8
20,8.7,5.2,3.7,2.7,59.1,1,24,77.3
20,2.6,5.7,4.2,2.5,85.0,8,3,42.5
18,2.2,10.0,3.6,2.5,78.5,3,14,31.7
24,6.1,5.8,4.3,3.3,100.0,3,13,64.2
22,4.0,8.1,5.6,3.8,81.8,7,26,58.9
23,3.7,7.8,3.2,2.9,68.2,5,17,52.6
22,5.0,7.8,3.8,2.8,73.2,1,15,67.0
19,2.7,6.7,3.7,2.6,61.2,2,19,52.1
22,5.7,5.7,3.8,3.2,90.5,1,3,57.2
18,3.0,6.1,2.0,1.5,66.1,5,22,57.1
18,3.9,9.2,3.7,2.3,54.0,7,23,48.0
18,4.1,6.1,4.0,2.8,84.5,8,12,54.2
24,1.1,8.3,6.4,5.1,70.7,4,29,48.4
22,4.7,7.4,4.8,2.7,30.7,8,14,52.1
18,1.6,5.6,4.8,3.7,72.6,1,10,34.0
22,4.3,4.6,3.4,2.9,60.1,9,18,42.0
19,2.8,7.5,3.6,3.6,87.2,1,22,56.5
23,0.5,6.2,5.1,3.4,74.9,4,3,22.4
24,7.9,5.6,3.0,2.4,70.3,8,13,72.9
19,4.0,7.1,1.2,1.1,66.6,2,15,70.4
22,5.3,4.7,5.7,4.2,100.0,5,18,53.0
22,3.9,7.2,4.6,3.2,88.0,8,17,50.0
22,3.5,5.3,5.1,3.4,56.2,4,20,47.3
19,2.8,10.0,2.3,1.8,74.2,6,9,29.3
23,6.5,5.6,5.2,3.9,71.7,8,6,50.7
23,4.0,6.3,4.6,3.3,89.9,8,20,54.3
22,6.8,7.1,5.1,3.0,84.1,8,27,67.6
18,7.2,8.7,5.8,4.4,61.5,5,20,61.4
24,2.3,6.0,2.2,1.8,61.1,2,10,44.7
19,3.3,6.1,4.4,3.2,61.1,8,7,42.1
21,5.0,5.1,3.0,1.3,88.3,7,6,52.5
24,1.9,5.3,2.4,1.7,89.9,4,19,49.3
20,2.8,4.8,2.9,2.4,97.5,10,28,55.8
19,4.5,6.0,2.5,2.0,64.3,6,15,58.8
20,6.3,10.0,4.0,2.6,87.1,7,4,37.6
22,1.4,6.3,4.6,2.9,93.4,3,25,55.0
20,2.6,5.8,2.8,1.9,93.7,2,20,60.0
23,6.7,5.8,3.9,2.4,67.5,5,9,55.0
18,5.1,7.3,3.9,2.6,58.7,4,13,49.4
18,5.3,8.8,2.7,1.1,77.1,7,11,51.2
20,7.2,6.1,0.9,0.6,86.5,6,23,81.4
22,3.8,7.3,3.1,2.6,78.7,6,11,62.7
21,7.2,7.0,6.0,4.0,75.5,3,17,70.1
22,3.9,3.8,2.5,2.2,100.0,10,6,37.8
21,3.0,4.5,4.9,3.4,96.7,3,3,33.1
24,6.0,6.9,3.8,2.9,81.9,5,21,64.6
21,1.8,3.8,4.2,3.1,68.7,10,4,17.1
24,2.7,7.3,1.8,1.2,68.2,9,19,54.3
18,4.3,3.9,3.8,2.4,93.0,8,24,51.2
18,2.0,6.6,3.2,2.0,44.3,3,11,42.1
21,3.8,8.1,2.6,1.5,82.0,7,16,46.6
21,4.7,3.5,1.0,0.3,77.2,8,20,48.2
24,2.7,7.0,4.7,3.4,72.0,3,22,58.5
21,5.2,3.1,4.2,2.0,89.0,9,6,34.2
21,5.1,7.2,4.5,3.5,57.6,2,14,55.0
19,4.4,7.1,6.1,4.3,94.3,10,12,38.3
21,1.2,7.6,3.1,2.2,61.0,10,26,41.6
18,3.1,5.7,3.9,1.9,52.7,7,5,39.6
19,3.7,5.9,3.6,2.9,49.1,8,7,38.5
23,8.8,9.9,3.3,2.4,72.2,5,20,71.3
20,3.6,5.7,5.3,3.7,57.3,4,23,50.5
19,4.6,6.3,0.5,0.2,89.9,8,15,53.4
24,2.6,5.1,1.1,0.3,70.2,7,20,56.8
18,2.3,5.6,3.6,2.0,95.4,2,7,45.7
22,1.9,5.2,2.4,1.6,46.0,2,29,58.4
22,5.4,3.8,3.0,1.9,53.8,1,16,51.9
20,4.8,4.6,5.8,3.9,100.0,8,14,44.9
20,6.0,6.5,4.1,3.0,46.9,4,19,61.6
24,6.1,6.3,1.6,0.5,60.0,6,4,48.6
23,4.6,6.0,5.5,4.6,83.5,5,27,64.4
18,4.8,3.4,4.9,3.3,82.1,9,24,40.0
21,2.2,4.3,5.9,3.9,71.0,4,19,39.9
22,2.3,8.4,3.1,2.1,92.7,2,14,53.4
21,3.7,6.0,7.1,4.7,86.5,2,29,53.6
20,6.6,8.3,3.5,2.2,75.3,1,28,75.6
24,1.7,9.1,4.6,3.0,68.6,3,4,34.2
20,0.5,5.7,5.1,2.9,88.0,2,22,44.9
19,4.8,5.2,3.9,2.1,75.8,6,4,44.4
24,2.0,6.1,3.5,2.3,64.1,10,22,46.4
23,3.8,4.4,5.9,4.4,56.5,10,20,33.6
18,2.0,6.8,2.7,2.0,57.4,3,3,40.5
23,2.0,7.2,5.5,3.2,100.0,5,6,46.1
23,1.1,6.9,3.8,2.9,84.4,3,7,32.2
19,5.3,7.0,5.5,4.4,74.5,4,21,60.7
24,2.7,7.6,2.6,1.9,41.7,4,12,43.1
21,2.2,5.9,3.0,2.6,59.6,6,7,35.6
21,2.9,5.6,3.4,2.3,74.8,4,21,47.7
24,5.3,6.9,2.2,1.1,71.6,9,8,58.6
24,3.0,7.8,4.4,3.0,96.5,3,9,52.6
19,4.1,8.1,3.1,1.3,77.4,6,18,52.1
21,4.2,3.0,3.4,3.0,63.1,1,21,44.8
22,2.7,5.0,2.7,1.7,61.6,7,27,50.2
22,6.0,7.6,4.0,3.4,60.8,1,20,72.3
18,5.4,4.6,3.1,2.4,58.7,2,21,66.1
22,4.7,5.7,1.9,1.1,62.2,1,23,69.4
19,5.2,8.6,4.3,3.3,98.6,6,20,52.7
23,5.6,6.5,3.4,2.4,46.2,4,26,68.7
21,0.7,6.7,2.9,2.0,49.3,1,23,50.2
21,3.4,8.7,2.1,1.9,100.0,2,12,59.5
22,2.7,8.3,4.0,2.5,81.2,4,15,52.2
21,3.2,8.1,2.4,1.6,76.0,6,4,42.6
23,4.4,4.9,0.9,0.2,67.3,7,27,63.2
21,3.5,9.2,4.9,3.7,26.7,10,9,23.4
23,6.6,7.5,5.8,4.1,66.0,2,12,64.1
21,5.2,7.7,4.9,3.3,62.1,1,28,68.0
21,7.2,6.6,1.2,0.9,73.8,5,3,65.8
19,5.1,5.6,3.6,2.0,46.0,5,25,60.1
18,1.4,5.9,3.8,2.6,69.4,4,9,41.6
22,2.2,4.6,0.9,0.8,65.5,2,10,41.4
23,4.3,5.9,7.1,4.7,82.4,10,18,39.1
22,4.9,8.4,0.7,0.2,71.3,5,20,69.4
20,2.3,9.1,2.6,2.3,77.1,1,24,57.4
23,7.7,6.9,2.8,2.4,67.3,10,16,63.8
22,2.8,9.0,6.5,4.1,82.3,7,4,30.2
21,8.6,8.4,2.8,2.1,79.5,7,29,84.0
19,5.3,7.8,5.9,4.6,85.1,6,16,53.1
24,5.9,4.7,5.2,3.8,84.2,8,22,50.8
23,2.8,8.3,3.4,2.9,74.5,8,9,34.8
23,4.1,4.2,8.0,5.4,77.9,9,4,17.7
24,1.8,3.2,4.6,3.4,89.7,4,20,35.7
20,4.4,7.2,4.1,3.3,82.5,8,23,55.9
18,2.1,7.1,4.9,4.0,56.2,8,13,32.4
24,2.9,8.0,4.7,3.2,74.1,9,4,37.0
22,4.2,6.8,3.2,1.6,69.8,2,10,56.9
22,6.7,8.0,3.8,2.5,55.9,7,10,57.7
20,5.2,4.3,5.5,4.2,66.9,2,28,58.2
18,4.8,3.0,5.4,4.3,73.9,6,21,35.1
20,4.7,6.4,4.7,3.3,58.0,3,4,45.1
21,6.6,7.8,4.5,3.1,83.1,1,29,80.0
22,3.6,4.8,2.2,1.0,79.9,9,7,38.1
18,3.6,4.7,6.0,4.1,100.0,9,17,46.6
18,6.7,6.1,4.3,3.3,95.9,2,11,65.9
23,7.9,4.8,2.9,2.5,61.6,9,22,58.4
22,0.7,8.1,3.4,2.5,64.1,1,11,37.4
18,7.1,7.9,5.1,3.7,84.2,2,23,70.2
24,2.2,7.7,2.8,2.2,61.7,8,5,44.2
19,2.3,4.6,3.0,1.8,45.9,4,8,27.4
21,5.7,4.2,4.4,2.4,63.4,7,20,56.3
20,5.1,4.5,5.6,3.7,82.0,4,23,60.8
24,7.0,6.1,2.1,2.0,94.7,10,19,68.9
20,2.9,7.8,3.7,2.9,39.5,7,16,45.4
24,2.1,6.2,4.4,3.2,69.2,5,29,50.9
22,5.5,5.8,0.7,0.2,53.7,9,10,53.9
18,2.8,5.1,0.5,0.2,82.0,4,19,57.6
19,2.2,8.2,3.8,2.7,75.2,5,21,52.1
18,3.8,7.2,5.0,3.7,91.7,8,18,53.4
20,4.0,7.0,2.4,1.7,52.0,8,24,56.7
20,7.5,3.7,3.7,2.5,96.8,3,17,64.7
18,5.8,5.1,3.8,3.1,80.0,9,29,58.4
23,4.9,8.9,2.5,2.1,60.0,6,17,53.5
18,6.8,5.1,5.3,4.1,59.1,10,16,55.3
23,2.9,9.5,4.5,3.5,51.5,2,24,52.6
24,3.9,6.6,1.2,0.7,69.5,7,27,68.3
23,2.7,6.9,3.2,1.7,66.6,1,11,49.2
23,2.9,9.4,1.5,0.3,74.5,5,15,50.3
19,2.1,7.1,5.0,3.7,89.2,6,21,48.9
21,3.5,5.9,4.9,2.9,67.7,8,26,49.3
19,4.1,5.6,4.9,3.6,100.0,8,6,50.5
18,4.6,7.8,1.3,0.5,75.6,4,5,57.0
19,5.0,6.4,2.0,1.9,81.8,2,10,67.1
18,2.8,7.3,0.5,0.4,60.9,2,19,58.2
23,3.5,7.0,3.1,2.1,49.2,7,25,47.1
23,5.7,6.6,4.2,3.2,83.1,4,3,56.8
21,3.3,5.2,2.5,1.8,78.5,2,27,66.1
18,5.2,8.0,4.5,3.4,86.0,2,18,67.9
20,5.6,7.1,0.7,0.2,73.5,9,19,67.3
23,6.7,4.8,4.2,3.7,74.6,2,12,68.8
23,6.1,7.5,4.3,3.5,43.1,3,29,67.4
18,6.2,6.2,5.4,3.1,62.5,10,21,56.9
20,3.1,7.6,4.8,3.4,72.6,2,7,38.7
18,1.5,5.6,2.6,1.5,61.5,8,23,37.0
21,4.6,7.2,5.0,3.7,69.4,3,21,59.7
19,0.5,7.6,4.3,3.0,84.1,3,13,32.9
19,1.6,7.6,1.5,1.0,80.0,5,22,54.8
23,5.6,8.6,5.8,3.8,89.5,10,18,59.6
22,4.9,4.0,3.5,2.9,52.3,4,7,42.8
21,3.5,10.0,3.6,2.2,67.7,4,7,28.2
24,6.2,6.8,4.6,2.5,74.4,5,11,62.0
18,5.9,6.4,2.7,2.6,72.2,1,4,64.6
24,3.4,10.0,4.8,3.8,73.1,2,18,39.2
21,4.5,6.3,3.8,2.9,77.7,7,18,58.6
21,5.2,5.1,0.5,0.4,60.3,1,5,58.5
18,3.1,7.8,4.3,3.3,83.8,7,28,56.2
24,3.9,7.5,0.9,0.3,87.4,2,27,71.6
21,2.0,6.5,4.1,2.7,74.1,6,13,37.8
24,3.4,7.7,1.9,1.1,43.4,3,11,53.3
24,1.9,7.7,4.6,3.2,57.6,4,5,31.0
20,2.4,4.8,6.2,3.6,71.8,5,11,38.5
20,6.0,7.2,4.5,2.7,85.5,4,7,58.3
19,7.4,8.4,4.3,3.0,80.3,9,14,59.4
20,7.0,5.6,1.3,1.8,86.9,2,8,68.2
21,3.2,7.3,3.0,1.8,55.7,9,14,39.6
18,4.5,6.9,3.9,3.0,55.7,6,25,67.5
23,4.7,6.3,2.4,1.1,89.5,3,5,57.4
20,6.5,9.6,4.6,3.8,57.7,10,17,52.1
23,4.9,5.4,2.4,1.9,79.4,2,21,68.5
19,3.8,4.8,3.3,2.7,100.0,9,24,53.4
24,4.5,7.8,3.3,2.2,98.3,10,3,49.6
18,3.9,5.3,2.0,1.2,87.1,4,14,58.7
18,5.1,6.3,2.2,1.1,72.3,3,19,68.1
24,6.0,7.6,3.1,2.0,68.5,7,18,63.5
18,2.9,7.2,4.3,2.4,63.1,5,19,46.8
24,3.3,8.7,1.5,0.2,72.3,7,11,40.1
18,3.2,9.5,2.7,1.8,62.0,10,12,30.6
23,8.1,5.2,4.7,2.9,74.1,3,19,74.8
24,6.9,8.3,3.0,1.7,53.9,1,28,74.7
19,2.8,6.9,5.4,4.2,95.5,3,25,62.2
20,2.5,8.6,5.2,3.7,89.3,3,4,36.2
24,2.8,3.3,5.2,3.9,76.2,10,11,28.3
24,6.5,8.5,4.9,3.7,52.8,5,26,71.9
24,2.2,6.6,4.6,2.9,48.4,3,16,42.8
18,2.4,5.3,2.5,1.4,74.4,6,3,34.6
21,4.7,6.2,3.5,2.2,71.5,2,14,63.2
20,3.7,5.4,3.7,2.4,73.1,2,16,45.1
23,2.2,7.2,3.9,2.5,61.8,4,14,39.5
24,2.2,3.5,4.0,3.3,74.6,2,23,32.5
24,6.7,4.7,3.2,3.3,62.0,1,15,64.0
18,4.0,7.2,4.8,3.1,67.4,4,26,60.8
24,6.7,4.6,4.9,3.4,71.8,1,27,70.6
22,3.6,5.9,4.7,4.3,77.6,2,24,63.5
18,3.7,6.4,5.4,3.8,81.1,8,29,51.1
22,3.8,6.8,3.8,3.2,84.0,3,27,69.3
18,3.1,3.2,5.0,3.8,62.2,10,17,23.8
19,1.7,6.2,5.0,2.9,86.8,4,24,48.5
24,4.3,10.0,2.0,1.8,47.5,2,29,45.4
18,4.0,3.6,2.8,1.8,74.1,8,3,19.7
21,3.8,9.2,3.9,2.1,85.0,8,24,50.2
22,1.2,9.1,6.1,4.2,99.6,7,3,14.2
19,3.9,6.7,5.8,4.0,59.7,5,23,47.8
18,3.2,7.1,5.4,3.6,100.0,4,23,56.4
24,4.7,4.5,4.1,2.9,62.6,6,12,46.4
22,4.7,7.3,2.3,2.1,82.5,4,18,59.3
20,1.1,8.3,4.6,3.3,84.1,6,15,39.5
20,5.2,7.0,5.8,3.9,62.7,4,5,44.6
21,4.2,5.9,2.2,1.9,39.7,9,20,55.4
23,5.7,7.0,4.5,2.6,85.3,3,16,64.8
21,5.9,4.8,0.9,0.5,77.2,5,28,69.9
19,3.1,6.7,6.5,4.5,67.7,7,12,36.9
24,3.9,6.5,4.4,3.2,90.2,6,25,60.8
23,0.5,4.7,2.4,1.1,86.7,3,18,39.5
20,5.8,3.7,1.7,1.1,71.7,6,26,62.3
19,1.6,6.1,4.4,2.4,75.5,5,27,45.2
20,5.5,4.0,2.8,2.4,77.2,10,24,51.9
18,5.1,6.2,0.7,1.0,52.9,8,4,41.1
20,2.2,7.6,4.8,2.8,90.5,10,4,30.6
24,5.1,7.8,4.2,2.4,65.5,6,28,64.1
22,4.2,6.9,1.9,1.5,70.7,6,7,52.2
23,5.1,5.9,4.1,3.0,81.2,1,20,66.8
19,1.5,6.7,2.4,1.2,54.8,5,27,59.4
19,5.8,7.5,2.0,1.7,59.6,3,10,60.6
22,6.3,7.3,5.0,3.2,69.4,9,13,56.9
23,2.6,7.9,5.3,3.9,73.6,9,26,50.0
24,5.6,5.7,4.3,4.0,88.1,8,9,62.6
19,3.2,8.1,4.0,3.0,55.3,7,24,36.4
21,6.2,5.1,2.3,1.6,85.9,1,22,75.9
22,2.4,7.1,3.6,2.8,77.3,7,10,44.1
22,6.2,3.3,4.8,3.2,83.5,9,29,44.8
20,4.9,6.5,2.2,2.0,56.6,6,26,59.0
20,1.7,5.3,3.6,2.2,65.9,9,16,44.0
19,4.2,6.8,5.5,4.2,85.4,3,7,48.9
22,3.3,6.9,4.8,3.5,70.3,9,14,44.1
21,3.2,7.8,2.2,1.6,99.1,8,3,49.3
18,5.1,9.6,6.4,4.4,57.6,9,21,40.5
21,5.0,4.7,3.6,2.8,73.3,8,10,49.0
24,0.6,6.1,4.1,2.8,68.3,8,27,47.0
22,5.8,7.2,3.4,2.2,63.9,4,17,62.0
24,3.8,7.7,5.1,4.0,79.0,10,25,49.5
20,5.1,8.4,3.1,1.2,95.3,2,6,62.7
23,5.2,4.4,5.1,4.4,75.2,5,18,48.9
24,3.0,4.8,3.5,2.6,87.5,1,12,39.8
23,4.9,6.8,7.3,4.8,100.0,6,11,45.9
18,3.6,9.1,3.9,2.9,87.8,2,26,57.6
20,1.3,4.8,5.3,3.9,78.8,3,9,27.5
24,3.4,6.9,4.2,3.4,77.3,1,4,41.0
23,5.7,8.1,3.4,2.7,82.7,4,10,61.4
22,4.6,6.7,4.9,2.7,45.4,10,26,39.5
21,4.3,6.4,7.5,5.0,73.8,5,5,39.3
20,3.5,3.8,4.2,2.8,59.1,5,6,29.2
23,5.4,6.0,0.9,0.7,93.1,9,20,65.8
22,5.5,8.8,4.5,2.6,80.0,10,18,46.6
19,5.5,8.7,2.1,1.7,68.8,5,4,49.9
19,2.2,4.2,5.6,4.0,57.7,1,20,35.3
19,3.7,7.5,5.7,4.3,60.3,4,18,47.5
21,5.9,7.2,3.2,2.4,68.7,7,25,65.1
22,3.6,9.2,3.0,2.1,69.6,5,16,47.5
21,4.2,5.0,4.6,3.2,77.4,5,3,37.3
19,5.1,3.0,4.5,3.2,71.3,4,3,27.2
22,1.1,5.6,4.2,2.6,46.4,7,23,38.8
19,2.3,6.3,3.1,1.8,88.4,1,20,65.4
19,3.0,6.6,3.3,2.6,60.5,10,6,34.2
21,5.2,7.1,2.9,2.2,66.5,7,4,46.7
22,1.1,7.2,3.0,2.1,58.9,6,14,43.4
23,5.1,5.9,3.9,3.2,81.1,8,9,48.6
24,3.0,6.6,2.7,1.6,86.6,2,20,63.7
23,5.8,10.0,3.3,1.9,86.0,9,19,42.4
19,4.4,8.8,4.3,2.8,95.1,2,25,57.6
24,2.6,8.0,0.5,0.7,100.0,9,9,44.0
22,2.5,4.9,5.7,3.4,57.7,10,14,34.2
20,4.4,8.0,3.4,2.6,68.2,8,28,52.2
20,5.2,6.6,2.9,2.0,91.8,1,20,71.9
24,6.6,5.9,2.9,2.1,67.2,5,19,69.0
18,6.7,5.9,4.8,3.4,54.0,2,29,67.7
24,4.0,9.3,5.0,3.2,70.0,4,14,41.8
18,4.4,7.6,4.0,2.4,81.7,1,10,50.4
23,3.4,7.3,4.1,2.6,69.0,8,10,45.5
19,3.1,5.3,3.0,2.4,53.9,1,13,43.4
19,3.0,6.6,3.1,1.8,66.0,9,13,45.2
20,7.1,7.9,3.0,1.8,92.1,5,24,80.7
23,5.8,7.8,3.7,2.3,43.9,2,20,60.4
20,1.6,3.7,2.2,1.4,66.9,4,5,22.3
18,3.0,7.7,6.5,3.7,74.9,3,17,41.3
23,3.4,7.1,3.0,2.5,93.7,3,5,48.3
24,3.2,6.5,3.0,2.2,86.2,2,26,70.5
23,5.3,5.9,5.9,3.8,48.7,1,20,63.4
23,1.0,7.0,4.0,2.9,92.8,6,17,45.5
20,6.1,4.5,2.3,2.1,49.1,4,29,64.7
20,4.9,7.5,4.1,2.3,69.7,7,3,39.2
21,4.5,3.0,2.9,2.0,66.5,7,13,31.5
18,2.3,7.0,3.6,2.9,64.0,7,4,29.9
21,4.1,7.3,3.9,2.6,39.2,9,25,51.8
24,3.5,7.8,4.7,2.6,68.5,3,12,45.3
20,3.1,5.9,4.7,3.4,74.8,9,9,35.3
21,6.5,9.1,4.7,3.4,78.4,6,26,59.2
21,2.6,6.0,1.9,1.8,76.6,6,29,58.8
20,2.2,6.6,6.7,4.8,68.8,10,28,43.5
18,5.4,9.2,4.3,3.5,61.5,3,5,37.8
22,5.5,6.8,3.5,2.3,76.6,9,27,68.8
18,4.5,6.8,5.2,3.7,65.4,9,23,52.0
22,0.5,8.8,5.7,4.0,86.1,9,9,25.7
19,3.9,4.7,3.2,1.9,69.1,3,24,58.0
22,0.9,7.8,4.2,2.8,64.8,8,17,35.1
24,5.1,9.5,5.2,2.9,71.8,6,9,36.9
23,2.6,4.8,7.3,5.2,75.2,2,27,42.9
23,6.4,5.7,3.0,2.3,90.8,8,4,55.4
20,3.5,7.1,5.7,4.1,93.7,8,7,38.1
23,2.5,5.9,1.6,0.7,86.3,4,27,62.7
18,6.5,6.4,3.4,1.8,64.4,5,8,57.3
19,7.6,7.7,4.5,2.6,55.4,7,25,63.4
21,3.9,8.2,2.9,2.2,54.8,7,18,57.5
19,8.1,7.2,3.9,3.2,62.0,7,13,61.9
18,4.5,6.6,4.4,2.5,88.4,7,9,47.3
24,0.5,6.4,3.9,2.6,84.7,10,17,41.1
23,3.1,7.0,1.2,0.5,64.1,7,5,49.6
20,4.8,6.6,6.4,3.9,50.2,3,24,52.6
18,0.5,5.2,4.0,2.8,96.7,7,6,24.4
24,4.9,8.1,5.2,4.3,81.6,10,19,45.8
23,5.9,6.2,6.2,4.1,72.8,2,13,61.8
23,5.0,4.8,3.6,2.8,67.5,8,24,62.5
24,2.9,5.7,5.0,3.0,99.8,9,11,47.7
21,5.7,5.5,5.4,3.4,58.1,9,24,56.2
18,5.7,5.4,4.4,3.1,77.4,5,6,54.6
18,4.6,4.9,5.1,3.9,91.3,10,10,41.9
19,2.6,6.6,1.3,1.1,72.4,9,15,48.4
19,2.4,5.4,4.8,3.4,64.8,1,4,35.2
24,4.2,5.5,4.5,3.7,49.8,10,20,39.5
24,3.9,5.8,2.9,1.7,77.9,6,25,62.3
20,3.8,4.4,6.1,4.8,80.1,1,5,39.4
19,6.9,7.4,4.7,2.9,65.4,3,3,56.5
22,1.8,3.2,4.9,3.8,75.2,3,25,30.8
19,5.0,5.9,4.1,3.0,74.4,5,14,56.3
23,1.9,7.1,4.8,2.8,80.4,2,5,35.2
21,3.0,3.7,2.2,1.8,59.3,9,9,36.4
24,2.9,7.6,4.6,3.3,90.9,9,15,51.0
21,5.5,7.2,4.1,2.9,69.3,8,29,57.7
18,4.1,7.1,2.8,2.4,79.7,2,15,57.8
18,8.4,4.4,5.2,3.1,73.3,1,27,77.5
21,1.9,6.4,2.2,1.5,100.0,7,12,51.0
20,3.3,4.6,1.9,1.6,79.8,8,23,52.5
23,3.9,6.0,4.4,3.0,52.2,3,12,47.4
20,3.3,7.3,5.3,3.9,75.7,2,22,56.9
21,5.9,5.5,7.1,5.1,84.1,6,20,55.8
20,5.9,9.4,3.9,2.9,100.0,6,21,67.7
18,4.3,7.4,6.4,4.3,90.9,3,4,48.3
22,6.2,4.2,3.6,2.4,44.5,7,12,49.7
20,4.9,7.6,3.8,3.5,82.6,1,16,66.3
24,4.8,5.4,2.9,2.7,64.0,5,12,53.7
23,5.9,4.3,2.8,2.0,56.3,6,29,62.7
23,6.0,5.6,3.9,2.9,84.5,7,8,57.3
23,2.8,7.3,4.3,2.4,49.1,10,28,49.0
20,5.1,5.4,3.2,2.2,78.5,10,14,51.2
24,6.8,7.3,5.9,3.9,88.9,9,21,59.1
19,5.7,9.5,5.8,4.0,65.2,8,9,31.5
20,5.1,6.4,6.3,4.4,99.0,7,25,66.7
23,6.9,8.3,6.1,3.7,71.4,2,20,67.9
20,5.7,8.0,4.0,3.0,48.3,5,18,56.5
23,2.5,6.4,4.7,3.5,97.5,5,21,59.0
22,0.5,6.2,5.1,3.9,70.3,4,8,30.0
21,1.8,5.8,5.6,3.5,100.0,5,6,36.2
19,0.9,5.5,6.6,4.6,91.3,2,20,39.5
22,0.5,5.6,6.5,4.1,94.7,7,5,30.9
19,1.4,6.5,5.3,3.8,78.7,7,25,53.3
21,2.0,7.1,4.2,2.6,57.7,8,14,37.6
21,4.6,7.2,4.8,3.6,76.3,3,19,56.6
18,1.5,5.2,4.4,3.1,69.2,3,25,41.4
19,0.5,6.8,4.0,3.4,92.5,10,23,43.7
20,4.4,5.8,3.5,2.6,68.6,4,19,53.7
19,4.6,7.1,3.1,2.6,90.0,1,21,67.7
22,3.9,6.4,5.8,3.6,68.2,10,12,42.9
24,2.6,5.2,5.1,3.9,81.5,6,20,53.7
21,5.8,3.7,4.1,3.3,95.9,7,25,52.0
20,4.8,5.0,2.2,1.3,69.6,4,9,56.2
20,6.2,6.1,5.6,3.9,80.7,2,23,70.6
22,3.0,7.4,4.7,3.4,63.7,10,14,43.1
21,2.5,6.1,5.2,4.2,53.6,5,8,28.8
23,8.3,5.4,3.6,2.5,100.0,1,10,78.8
24,3.4,6.1,3.0,1.9,79.5,5,29,67.3
22,5.0,5.4,6.1,4.8,68.6,9,24,49.5
21,2.6,9.1,4.0,2.5,73.3,2,26,59.5
19,4.1,5.9,4.2,2.0,81.6,2,7,55.6
23,4.1,6.1,1.7,1.1,54.4,7,11,57.0
21,5.7,5.1,1.6,0.9,65.6,8,5,42.9
21,8.2,6.1,3.1,2.4,59.2,9,26,70.3
21,5.1,4.9,1.3,0.7,58.5,5,5,41.4
18,3.2,8.0,1.0,0.8,100.0,4,16,65.4
23,3.2,8.4,4.1,2.5,81.6,10,13,36.1
24,5.5,5.9,4.6,2.6,80.9,4,29,69.4
22,4.3,6.9,3.9,2.8,72.8,4,15,51.9
18,5.9,8.4,3.8,1.9,75.6,10,9,47.9
24,1.5,7.9,1.8,1.4,72.3,4,13,46.0
19,4.2,8.1,5.0,4.0,63.0,10,5,42.4
20,1.1,8.1,1.6,1.5,66.7,8,27,50.9
24,2.0,4.3,6.6,4.4,67.7,5,11,31.5
18,7.9,7.6,0.5,0.5,81.0,2,18,87.3
19,5.8,6.8,3.0,2.7,62.2,3,10,60.6
20,0.5,6.4,5.3,3.2,65.0,9,6,27.7
18,4.0,3.0,6.2,4.4,70.9,8,24,29.3
19,7.3,5.7,3.4,2.7,48.1,9,15,47.4
21,1.9,5.7,0.9,0.7,61.3,3,5,48.4
19,5.0,4.1,2.8,1.2,77.5,1,11,52.1
18,3.8,8.3,2.0,2.0,89.9,5,5,49.4
23,3.6,5.7,3.2,2.0,96.3,3,4,50.2
21,3.7,8.5,5.6,4.1,100.0,4,22,50.9
20,5.9,4.8,2.2,1.8,66.8,8,24,61.7
23,4.7,5.2,3.5,3.1,79.0,10,20,58.8
23,4.8,6.3,4.7,3.0,70.1,9,21,60.4
20,4.3,7.0,4.8,2.6,100.0,1,29,71.9
22,3.5,7.7,4.0,2.3,70.5,2,19,53.6
18,3.8,8.1,6.4,4.4,88.9,6,18,53.8
22,4.3,7.2,3.3,2.2,87.8,7,20,66.5
21,3.5,3.6,4.7,3.3,80.4,9,18,31.9
23,3.4,5.4,2.6,1.7,63.9,6,5,43.3
24,3.6,8.9,4.2,3.4,78.0,10,17,43.2
24,6.0,8.0,6.1,4.7,60.2,9,4,47.4
23,5.9,7.6,2.4,1.7,74.8,7,27,80.1
23,4.1,5.1,5.0,3.4,59.6,7,19,46.0
22,6.5,6.0,3.2,2.1,69.6,1,20,78.1
19,3.1,6.2,4.3,2.9,85.7,7,16,43.7
20,2.8,6.6,3.3,2.5,74.5,7,24,43.2
20,4.9,8.5,0.7,0.2,95.2,6,17,72.8
20,6.5,7.4,2.7,2.2,86.8,5,9,57.0
24,3.9,5.8,6.1,4.2,100.0,6,19,57.1
18,4.8,7.0,5.9,4.2,76.5,8,17,50.7
23,4.4,4.5,4.4,2.2,64.0,7,16,50.5
19,1.7,9.1,3.6,1.9,75.4,2,3,34.2
22,6.3,5.4,3.9,3.3,68.1,5,25,66.9
21,3.3,7.4,1.6,1.2,44.8,1,28,74.0
20,0.5,8.3,1.6,0.5,71.5,7,9,36.0
19,5.9,6.5,3.3,1.7,80.5,8,17,63.8
18,5.5,6.4,2.7,1.8,74.9,1,12,65.3
24,3.6,5.9,2.2,1.7,98.1,5,15,53.0
18,3.0,5.4,4.3,2.1,79.6,10,4,32.0
18,4.3,4.6,3.5,2.4,97.8,6,29,65.0
20,4.4,7.2,4.1,2.9,43.4,8,8,38.6
24,4.4,4.7,4.8,3.4,69.3,8,9,36.4
20,3.4,3.4,8.0,6.0,59.5,9,23,21.1
22,4.0,4.1,6.2,3.7,71.2,10,3,26.8
21,3.3,7.1,1.2,1.0,85.3,10,12,59.4
18,2.2,7.5,5.8,3.3,66.7,1,3,35.7
19,3.7,4.6,6.0,4.4,64.7,3,24,46.1
18,1.4,4.4,3.9,3.4,35.2,1,12,28.5
23,7.9,6.7,1.3,0.2,48.9,9,19,74.6
18,1.8,5.6,6.8,5.6,74.5,4,18,35.2
21,4.2,6.9,3.3,2.1,72.5,7,8,50.0
24,5.5,5.1,3.7,2.6,60.3,1,8,51.9
20,4.1,6.2,4.0,2.7,88.4,7,28,58.2
24,4.0,5.5,5.3,3.9,83.8,2,13,47.6
22,4.6,8.3,3.3,2.4,68.1,6,13,54.0
18,2.7,7.5,1.3,0.3,88.1,4,12,54.8
24,2.1,6.4,4.7,3.3,65.5,7,8,34.0
22,3.7,10.0,4.7,2.9,72.9,6,21,45.2
21,3.0,8.8,4.6,3.4,71.0,6,23,46.2
22,5.1,7.2,3.9,2.8,72.5,6,5,49.4
22,2.1,7.2,2.3,1.3,61.1,2,18,52.4
19,3.8,5.2,1.7,1.1,68.7,1,23,60.6
21,2.2,4.8,5.2,3.6,79.8,9,10,32.0
23,6.8,8.2,2.2,1.2,74.0,7,15,63.5
19,1.6,7.7,5.5,4.1,98.1,6,29,48.1
22,2.2,8.4,4.2,3.2,65.1,6,28,48.8
23,7.1,7.6,2.7,2.7,66.6,9,29,80.7
23,7.4,6.8,1.9,1.8,90.2,1,5,66.8
24,1.7,8.7,3.2,2.7,68.8,1,25,51.3
18,0.8,5.8,4.4,3.0,53.8,2,22,44.8
24,4.6,5.9,4.9,3.1,69.2,2,27,70.8
22,4.9,6.0,4.3,3.4,68.5,4,5,41.9
21,3.0,7.9,3.2,1.3,61.1,1,11,62.9
23,5.0,9.8,2.3,1.7,63.6,7,27,51.9
20,2.7,8.9,5.8,4.4,64.2,8,3,27.2
18,2.9,5.5,3.3,1.7,84.9,10,4,35.9
18,4.5,9.3,2.5,1.2,99.6,9,16,45.6
24,2.7,6.4,1.6,1.1,64.2,5,24,54.2
22,5.3,5.7,4.9,3.7,88.6,10,3,49.9
18,2.4,9.6,4.4,3.4,67.8,1,18,48.0
24,3.7,4.7,5.3,4.1,70.5,2,22,55.9
20,0.5,5.8,3.2,1.7,64.9,8,3,21.6
21,2.1,4.6,4.1,2.9,82.8,1,10,44.8
24,6.2,4.6,5.6,3.4,100.0,7,13,53.9
21,2.7,6.0,2.7,1.7,100.0,1,4,51.9
20,3.8,7.8,3.1,1.4,77.9,2,29,65.5
18,2.9,8.6,1.1,0.7,78.3,4,6,45.0
20,2.8,4.4,4.1,2.7,92.5,7,23,43.4
20,2.4,7.8,5.2,3.2,55.4,9,8,26.1
18,2.6,9.5,1.7,1.0,65.6,5,3,29.7
22,4.4,4.6,1.8,1.3,91.1,9,16,54.4
20,2.9,4.6,4.3,3.1,43.9,8,8,27.1
22,6.3,5.7,3.0,1.8,70.3,8,8,47.7
24,4.3,6.2,3.3,2.5,75.0,1,13,57.3
22,1.6,8.5,5.2,3.7,84.0,3,15,40.7
21,4.6,6.9,3.6,2.2,73.9,2,23,67.6
24,2.5,6.4,3.2,2.0,62.2,5,24,54.9
19,5.0,6.0,4.6,2.9,45.8,4,9,43.2
18,3.3,7.9,3.6,2.8,85.3,10,15,39.3
24,4.5,7.4,3.8,2.7,71.3,6,5,57.6
23,5.4,5.6,6.0,5.0,55.3,9,15,46.8
21,6.3,6.5,3.9,2.7,66.8,6,11,56.0
20,5.7,6.8,3.0,2.4,68.2,3,13,58.4
24,3.4,5.5,3.5,2.3,58.8,5,11,39.3
19,0.5,6.4,2.7,1.7,89.6,2,19,55.0
21,0.8,6.6,3.1,2.2,81.9,5,4,30.0
20,0.6,5.7,5.1,4.0,94.2,10,26,34.2
18,6.1,7.5,4.4,3.4,71.9,10,14,50.1
18,4.4,8.3,4.3,3.6,92.8,4,8,40.4
23,5.0,4.5,1.7,0.9,73.4,1,29,67.4
22,6.8,6.6,3.5,2.7,74.7,10,9,63.2
22,5.3,8.6,4.0,2.8,77.5,10,8,52.0
18,4.1,8.5,3.5,2.5,79.3,4,7,42.9
18,2.6,6.2,3.0,2.4,65.4,5,19,45.5
19,4.7,7.0,1.1,1.0,48.3,2,17,64.0
24,2.5,7.9,4.4,3.5,63.9,4,28,62.7
18,5.9,7.5,2.1,1.2,53.6,7,15,63.5
23,1.4,5.6,6.6,4.7,67.4,3,15,45.1
19,0.6,4.4,2.6,2.3,68.0,7,16,31.5
18,1.6,6.0,4.3,3.2,59.2,9,14,33.2
18,1.3,4.9,4.0,2.6,59.7,4,18,33.8
22,8.0,5.8,4.0,2.8,84.9,10,9,64.8
18,3.1,5.5,4.0,3.4,45.2,10,28,45.7
22,7.2,6.8,3.8,1.9,61.5,10,25,61.4
20,4.8,6.1,2.7,2.4,58.0,6,3,47.3
24,3.3,8.3,5.4,3.2,87.3,4,23,40.5
23,4.0,7.8,5.2,3.4,44.0,5,5,31.1
18,5.3,5.6,4.1,3.0,79.2,4,21,62.5
21,2.9,8.1,3.2,2.5,58.2,2,17,54.3
24,4.0,8.2,5.1,3.3,47.5,1,17,56.0
19,4.3,3.0,4.1,2.6,74.0,8,12,24.6
18,3.5,6.6,3.9,2.7,74.8,7,17,48.3
23,8.0,5.9,6.0,4.2,83.5,5,24,77.5
21,3.8,6.4,4.4,3.3,88.1,3,12,54.0
22,3.9,7.5,3.1,1.7,65.5,7,18,49.8
19,6.4,7.6,6.8,5.0,78.5,7,23,67.5
18,2.8,4.9,4.8,3.8,92.5,9,15,39.6
23,4.0,5.4,1.8,0.5,76.2,4,10,56.8
23,3.0,6.3,4.3,2.7,75.0,10,12,45.7
22,6.9,8.7,2.3,1.1,73.2,2,3,65.1
24,3.8,4.2,4.5,3.7,60.5,10,15,28.3
23,7.3,6.4,4.0,2.5,77.5,4,29,84.9
21,6.1,6.8,3.9,3.6,65.2,4,9,59.3
24,5.6,5.6,3.8,2.6,52.8,3,3,52.0
23,2.8,6.3,7.5,5.2,62.2,2,9,41.4
23,2.0,4.1,4.1,2.3,75.5,6,26,40.6
20,4.0,4.9,2.4,1.6,68.9,2,21,54.7
18,2.7,6.7,4.7,3.7,79.2,5,5,42.6
22,2.9,7.1,4.2,2.4,80.3,1,6,44.2
20,2.5,5.3,2.8,2.0,92.6,2,24,55.0
23,3.2,7.3,4.4,3.4,61.9,4,19,53.6
19,2.6,8.2,4.6,3.1,76.3,8,10,32.8
21,6.1,9.0,3.8,2.5,80.9,9,27,70.7
20,5.7,7.9,4.4,3.6,69.6,4,9,54.7
21,3.8,7.5,0.5,0.2,89.4,6,27,65.7
22,4.7,6.1,2.0,1.6,86.4,4,16,56.1
22,7.3,5.4,4.8,3.4,62.8,5,27,68.1
21,3.6,4.4,7.7,5.2,67.3,3,17,47.3
24,0.5,6.8,3.1,2.1,74.0,1,8,38.6
20,2.2,6.1,3.1,3.1,80.1,6,13,51.5
23,6.0,8.1,5.3,2.8,73.5,10,11,48.4
21,1.7,6.5,4.5,3.0,91.9,6,28,52.7
24,3.5,8.4,5.3,3.3,92.7,3,17,52.3
19,3.6,5.5,3.8,3.3,70.5,6,3,37.0
18,4.6,5.8,6.5,4.7,94.6,2,25,64.0
22,6.0,4.6,5.5,4.1,97.4,2,26,67.7
20,5.2,6.1,4.6,3.1,79.2,2,4,62.4
18,5.7,5.2,1.6,0.7,55.7,4,5,51.6
23,4.0,6.4,6.4,4.3,73.7,8,11,46.7
20,4.6,7.0,2.8,1.7,91.8,4,12,56.0
18,5.1,5.3,4.1,2.6,73.8,7,26,63.8
23,1.0,7.3,3.0,2.5,66.3,8,3,31.2
18,3.6,8.2,4.9,3.8,68.3,7,11,44.5
20,7.1,5.5,3.2,2.4,80.0,9,22,64.9
18,5.5,6.2,4.1,3.6,77.5,6,7,51.8
24,3.8,5.3,5.8,3.7,65.9,10,20,47.8
18,3.1,7.2,3.4,2.5,100.0,8,10,47.8
20,4.5,6.2,5.7,4.3,77.4,8,9,51.0
20,6.3,6.1,0.7,0.3,61.6,9,3,49.0
22,3.3,8.4,4.4,3.7,79.4,4,18,60.1
22,1.8,7.2,5.6,3.7,84.1,3,28,49.1
23,3.0,6.8,3.5,1.8,43.2,6,20,45.4
20,1.6,8.9,3.1,2.4,97.3,5,23,40.9
20,6.6,6.8,2.7,1.6,62.4,9,27,65.8
22,4.9,4.6,4.8,3.9,86.8,5,12,46.1
21,5.5,7.4,2.9,2.6,75.6,8,22,57.3
22,2.6,4.9,2.1,1.7,92.9,8,12,42.1
24,1.5,3.0,5.3,2.9,67.4,9,6,11.3
18,3.8,4.9,5.2,3.8,100.0,6,4,42.7
18,4.1,6.9,4.2,2.8,73.2,3,5,51.4
21,2.8,5.1,4.3,3.2,79.9,9,22,40.4
18,1.3,5.0,2.9,2.5,77.9,5,8,38.8
22,4.7,5.8,0.8,0.7,79.3,5,19,68.6
23,3.2,9.2,4.6,3.7,53.5,5,14,41.2
20,0.9,6.9,4.5,3.4,76.8,5,14,40.8
19,5.3,7.5,3.8,3.0,61.7,7,12,52.8
21,4.6,3.9,6.5,4.4,62.9,9,19,34.8
23,6.2,5.5,5.6,3.5,92.0,6,26,54.4
23,1.3,3.3,1.5,1.4,76.6,3,15,30.6
19,0.5,6.1,3.8,2.4,80.8,7,18,39.3
19,6.9,5.0,5.2,3.8,62.4,3,3,42.5
22,3.4,6.6,3.5,1.9,85.7,3,27,63.7
23,4.9,4.9,5.5,4.3,72.4,7,8,38.0
18,5.6,6.2,6.3,4.8,94.7,4,10,54.9
18,6.8,5.1,2.7,2.2,92.5,7,21,69.6
18,5.6,5.7,2.5,1.8,94.7,10,10,57.8
23,3.6,5.8,3.6,2.7,68.9,7,12,48.5
23,4.0,7.4,2.4,2.1,84.1,8,9,57.1
24,3.7,5.1,4.8,3.3,71.0,4,21,52.7
21,5.7,4.9,5.5,4.7,74.4,5,28,66.4
18,4.7,5.3,4.9,3.8,86.7,4,14,46.3
21,4.7,6.3,2.9,1.7,91.8,3,8,56.0
23,4.2,6.2,3.5,2.8,81.5,3,9,52.6
21,3.7,6.0,2.5,1.6,81.6,5,3,50.0
21,6.9,6.8,5.6,4.0,83.9,10,7,54.4
24,2.8,6.8,3.4,2.5,65.1,7,19,48.7
21,3.6,5.3,5.4,3.4,91.3,8,3,40.8
22,5.7,6.1,2.2,1.5,89.2,3,4,64.0
23,1.8,5.3,3.6,2.6,100.0,4,10,41.6
22,2.5,3.6,3.3,2.4,80.9,3,21,48.2
19,6.9,6.5,3.2,2.8,95.5,1,9,60.2
22,3.5,5.3,0.8,1.2,64.0,4,11,62.5
23,4.4,4.2,2.2,1.0,86.2,4,19,57.3
24,4.4,7.4,4.1,2.8,61.3,6,25,61.6
22,6.1,5.1,2.6,1.6,64.3,1,22,68.6
23,3.7,7.1,4.1,2.8,97.6,4,17,57.7
24,3.0,6.6,3.7,2.9,76.4,7,3,42.7
21,3.7,3.6,3.5,2.3,47.9,9,28,44.6
19,1.9,8.6,4.3,3.2,74.3,1,22,48.4
22,4.5,5.8,5.6,3.8,76.4,8,12,51.0
18,4.9,7.0,5.0,3.8,100.0,3,20,64.2
21,4.0,8.2,4.9,3.6,77.1,9,19,41.3
19,2.7,5.7,2.3,1.7,77.7,4,21,61.5
19,3.2,6.9,4.2,3.2,100.0,10,10,45.2
22,5.0,7.0,3.9,2.7,76.5,8,15,62.0
21,6.5,3.3,4.2,2.9,76.3,3,22,51.5
19,4.8,6.7,4.9,3.1,70.6,3,15,53.2
22,3.2,6.8,3.1,2.0,95.2,7,20,61.4
18,3.0,4.1,2.8,1.9,55.5,8,16,28.6
23,6.6,5.4,4.9,3.0,65.0,8,14,55.7
20,0.5,5.6,7.4,5.6,27.9,9,24,18.1
22,5.4,5.0,5.1,3.2,98.0,10,11,47.3
24,4.7,8.3,2.4,2.1,75.9,7,9,49.5
23,6.0,6.8,3.9,1.8,87.2,5,27,74.6
22,6.8,4.2,4.0,2.8,100.0,7,22,66.7
18,7.6,6.6,6.5,4.6,67.5,3,5,56.0
19,1.6,4.6,6.0,3.6,57.5,6,14,21.4
21,1.4,9.4,4.1,2.8,67.1,4,22,41.4
23,6.6,6.8,4.0,2.9,75.5,10,17,66.8
20,5.6,5.0,2.8,2.2,69.0,7,10,45.6
23,3.7,10.0,5.4,3.6,87.0,9,16,40.8
22,2.9,6.0,4.4,2.7,73.9,6,21,43.4
21,3.9,5.6,3.7,2.8,57.3,2,25,64.3
18,6.1,6.9,3.7,2.4,50.6,10,25,60.3
18,5.8,10.0,2.0,1.3,67.3,7,16,49.9
21,3.0,6.9,2.9,1.2,65.5,2,28,63.1
21,5.1,5.5,2.8,1.5,41.7,2,5,45.0
21,1.3,8.3,4.9,3.3,57.1,3,29,46.4
24,4.5,7.4,2.9,1.6,87.7,9,12,55.1
19,1.2,6.1,1.0,0.2,20.0,8,3,22.8
20,5.7,3.3,4.2,2.6,85.8,7,24,52.3
19,6.3,4.6,5.9,4.5,89.7,1,11,54.4
22,2.3,3.9,3.6,2.4,74.2,7,3,19.1
23,0.5,7.4,2.8,1.9,73.1,10,6,29.4
19,3.4,9.0,4.7,2.9,54.9,7,16,43.8
21,2.6,7.8,5.6,3.4,70.9,1,8,48.2
18,4.9,4.4,2.4,2.2,78.7,9,16,49.0
20,4.9,6.3,5.1,4.2,96.2,3,8,39.6
21,2.9,6.8,3.4,3.0,68.1,4,27,58.3
18,5.4,6.2,5.0,3.1,74.6,4,24,63.4
19,0.5,8.7,6.2,4.3,90.0,5,23,37.2
19,6.0,7.9,3.7,3.7,59.2,8,5,46.4
20,2.4,8.3,4.3,2.9,67.4,3,14,50.3
20,4.5,6.7,4.1,2.3,53.3,5,18,57.1
24,2.8,3.9,4.6,4.0,89.5,9,13,25.6
19,4.9,4.6,4.3,3.8,90.7,6,29,61.5
21,4.0,5.9,1.8,1.4,65.6,8,4,43.2
24,3.6,5.9,2.6,1.5,90.5,10,5,43.4
23,1.9,6.2,4.4,2.9,86.6,1,5,38.8
20,5.4,7.0,3.3,2.4,57.3,3,14,66.2
22,0.8,5.7,2.1,1.6,69.9,1,6,31.6
23,4.3,4.9,2.8,1.9,89.2,8,17,51.6
21,0.8,9.1,4.4,3.4,59.2,1,28,39.9
19,2.4,3.8,1.6,1.2,29.3,2,25,47.8
21,3.3,4.5,4.7,3.1,80.0,2,23,46.6
24,2.8,7.4,6.8,4.9,66.1,6,3,27.4
22,4.0,4.2,4.3,2.5,81.2,4,24,48.3
23,3.0,7.0,3.5,3.0,79.2,10,6,39.1
23,5.0,7.5,5.2,3.8,92.5,6,15,55.0
20,0.5,6.9,3.3,2.0,61.4,2,12,36.6
19,4.2,8.3,3.8,2.6,69.1,2,6,52.2
19,2.2,7.0,3.3,2.1,75.6,5,10,52.6
18,3.2,7.6,4.2,3.5,56.5,6,8,36.4
18,4.2,7.1,4.4,3.1,77.1,9,25,60.2
20,5.8,5.6,5.8,3.2,60.0,4,3,50.1
23,3.4,5.8,4.8,4.0,46.9,7,13,41.6
19,4.0,7.5,0.9,0.2,65.6,10,3,42.9
24,3.7,4.9,1.7,1.5,79.6,8,12,43.9
23,8.7,7.0,1.0,0.2,39.2,4,25,85.0
20,4.7,8.0,3.7,3.0,83.0,2,10,54.7
21,4.7,8.7,5.8,3.8,100.0,6,28,60.4
21,7.7,3.8,4.7,3.1,70.2,7,28,56.2
18,6.1,5.6,2.7,1.8,73.4,1,7,58.2
18,2.3,8.2,7.1,4.9,81.8,4,28,48.7
22,3.6,5.4,5.3,4.1,100.0,2,25,51.3
19,4.9,5.9,4.2,2.8,81.7,8,17,60.4
21,4.5,5.7,4.5,3.7,91.4,6,16,58.7
20,4.9,9.3,4.7,3.2,90.8,5,22,57.9
19,5.0,5.1,5.9,4.3,59.2,3,15,44.9
18,4.3,3.0,4.3,2.4,93.9,1,21,41.7
21,6.1,6.5,4.7,3.7,74.6,10,14,60.4
21,7.7,6.3,4.5,3.4,70.1,2,7,60.1
23,4.7,7.5,7.3,4.7,51.7,3,28,56.2
24,3.4,7.4,2.5,1.4,58.1,2,13,64.9
24,4.5,7.8,1.8,1.3,71.5,3,9,55.4
19,3.7,7.0,2.5,1.6,68.1,2,26,68.5
21,2.0,6.2,2.0,1.7,88.6,6,22,60.1
18,4.2,5.8,3.3,2.3,63.0,6,20,58.5
22,4.5,5.8,3.4,3.0,79.7,7,4,50.0
18,6.1,4.7,5.5,3.0,61.4,2,18,56.0
24,2.5,3.0,4.4,2.4,100.0,7,17,31.4
21,3.0,8.3,3.1,2.7,100.0,4,13,59.3
18,1.7,5.0,4.3,3.4,69.2,7,26,33.7
20,1.5,7.4,3.6,2.5,83.2,1,8,44.9
23,3.4,3.5,3.9,2.6,78.7,5,14,31.3
19,4.6,4.0,7.6,5.3,64.3,8,7,24.7
22,4.2,6.7,2.4,1.7,77.5,9,7,44.2
21,5.3,5.9,4.8,4.3,84.5,2,21,67.1
23,4.4,5.0,3.3,2.3,62.6,6,21,50.2
22,2.1,5.3,4.0,3.3,72.0,8,15,47.6
23,3.8,4.7,4.9,3.5,55.0,7,6,30.2
23,3.1,9.2,5.6,3.8,92.9,3,6,35.0
19,6.7,5.7,5.7,3.5,21.0,9,27,54.4
20,5.5,3.7,5.0,3.2,90.2,8,22,50.2
21,4.4,4.6,4.0,2.3,40.7,10,19,34.4
24,3.9,5.3,3.6,2.6,69.5,6,4,44.4
22,6.7,6.9,3.4,1.8,83.4,7,21,67.9
20,4.7,3.7,4.3,3.2,81.0,7,7,35.5
19,0.5,5.8,4.3,3.6,90.9,3,15,40.3
22,3.6,4.2,2.7,1.7,67.6,2,6,42.3
23,5.8,7.2,4.2,3.2,96.3,4,5,57.3
23,4.0,5.3,5.1,3.4,96.5,5,20,52.9
19,6.9,9.6,5.0,3.0,77.3,6,18,42.7
20,6.2,9.6,3.3,2.3,75.9,2,4,53.6
21,4.3,7.5,4.4,2.7,79.7,4,17,60.0
19,4.3,5.5,3.1,3.3,67.5,4,16,53.4
21,1.5,5.2,3.9,2.9,89.0,5,19,40.6
21,3.8,7.6,2.8,1.6,74.1,2,18,64.0
18,2.3,6.9,3.9,2.9,99.6,4,26,62.5
23,2.8,7.3,4.1,2.8,61.8,5,7,50.0
20,5.9,6.6,3.0,2.5,63.3,6,13,55.0
24,8.4,5.2,3.3,1.4,82.1,10,29,82.8
22,2.5,6.4,5.4,3.8,90.4,1,22,53.9
24,3.1,6.0,5.4,4.8,83.3,8,4,39.6
19,7.1,7.7,3.3,2.3,82.1,7,11,65.6
19,2.1,8.0,2.8,1.7,100.0,5,3,45.7
20,1.9,5.1,3.7,2.9,64.0,10,26,34.0
24,5.2,6.1,3.5,2.2,67.1,7,24,68.5
22,7.3,6.2,2.8,2.1,81.0,5,27,76.1
20,6.0,8.7,3.1,2.7,48.7,5,28,63.4
22,6.2,4.3,5.0,3.4,71.8,7,7,38.0
21,1.3,7.8,4.8,3.2,87.7,1,21,48.8
20,4.7,7.5,3.4,1.4,68.5,1,15,61.0
20,3.3,6.5,4.2,2.4,77.7,10,22,45.5
19,5.2,6.7,4.8,3.1,100.0,5,3,58.0
19,3.9,6.0,4.3,2.3,58.9,4,6,38.5
23,3.5,4.1,7.2,5.2,70.0,6,3,23.1
18,1.3,4.5,2.8,2.0,100.0,8,6,33.4
22,6.5,7.7,4.4,2.6,100.0,1,26,76.8
24,2.6,7.1,4.9,3.3,87.5,3,22,50.8
21,0.5,6.6,4.4,3.1,84.0,10,19,33.4
21,4.2,4.8,4.4,2.9,90.9,9,25,48.4
21,6.4,6.1,3.7,2.5,91.9,6,28,73.4
20,3.8,6.5,4.8,2.9,58.2,5,14,45.2
23,4.4,6.8,1.7,1.0,63.1,4,17,61.2
20,4.0,7.3,3.1,2.0,62.9,3,19,56.7
18,6.1,8.5,5.0,3.2,88.5,1,10,59.0
23,6.2,8.5,3.7,2.1,85.1,9,12,54.8
24,3.6,7.5,2.5,1.5,97.0,8,14,48.8
21,3.3,8.8,2.9,1.4,90.5,3,5,44.3
20,5.1,6.8,5.3,3.0,82.8,6,27,62.2
21,4.5,8.7,5.0,3.7,79.4,10,12,32.8
21,5.1,7.3,5.5,3.2,91.3,8,21,64.5
21,3.0,6.9,4.1,2.7,73.2,10,19,45.1
18,5.5,5.7,5.1,3.6,58.8,5,10,51.3
19,1.6,8.8,4.5,2.9,63.5,4,12,39.3
19,1.6,8.9,1.6,1.4,60.7,1,21,52.3
19,2.6,6.8,4.5,3.6,74.8,4,11,41.4
19,3.7,9.4,1.9,1.2,74.8,9,11,43.3
21,3.1,4.9,4.0,2.5,76.2,6,22,52.8
24,3.6,5.6,5.8,4.6,63.4,10,4,27.0
18,3.3,6.8,3.8,2.5,75.8,5,28,62.7
22,3.3,6.7,5.2,3.2,76.9,3,28,62.6
18,0.6,7.6,4.3,3.7,75.4,4,23,37.4
19,5.0,7.4,5.5,3.9,100.0,8,26,68.2
23,1.2,5.7,8.0,5.8,73.6,2,21,41.4
18,9.6,5.9,5.6,4.3,100.0,5,24,74.3
24,6.8,4.9,2.2,1.3,52.6,8,17,66.8
22,5.4,3.6,2.6,1.4,100.0,2,18,55.6
23,5.3,6.2,2.3,1.7,70.3,6,15,63.9
19,4.1,6.4,3.1,1.2,90.3,9,26,57.1
20,3.5,6.0,4.5,3.6,76.8,10,19,43.5
18,8.6,7.4,2.6,1.9,63.4,3,9,72.4
18,3.5,8.6,4.4,3.7,77.1,4,12,47.1
20,5.1,4.9,4.0,2.5,71.9,10,22,48.2
20,8.3,4.4,1.9,0.4,92.1,4,22,82.0
23,0.5,5.6,3.9,3.9,62.7,6,16,31.6
20,2.6,5.4,0.5,0.2,97.4,6,9,54.4
22,3.0,5.9,1.9,1.3,60.1,10,11,39.2
23,3.3,7.2,0.5,0.2,68.7,5,3,53.4
22,4.3,6.8,5.0,3.2,100.0,6,7,41.5
22,5.4,5.5,1.7,2.2,67.7,3,17,70.6
21,4.1,4.0,4.0,3.3,65.5,8,23,43.8
23,3.6,9.0,3.8,2.3,69.1,9,28,56.9
19,6.7,4.2,3.4,3.3,100.0,4,13,62.6
22,6.7,4.8,3.4,1.2,85.5,4,7,50.8
20,4.4,4.8,5.5,3.5,64.7,9,9,35.8
23,2.0,6.0,3.4,2.2,79.0,4,22,50.0
18,2.4,6.4,8.0,6.0,62.5,9,26,42.8
19,5.9,8.7,2.4,1.6,85.3,3,22,70.1
21,4.3,5.1,5.7,4.0,98.9,7,26,53.4
24,2.2,6.3,5.9,4.1,96.7,1,6,46.0
23,9.7,6.9,3.5,2.0,58.8,4,6,79.9
24,6.5,5.0,2.5,2.2,69.7,4,22,73.5
23,5.6,7.1,3.4,1.7,66.7,2,4,56.9
23,5.1,6.1,2.3,1.7,62.1,6,8,50.9
19,2.1,8.0,2.3,1.4,92.4,1,10,51.1
21,2.8,5.6,4.7,2.7,71.5,9,19,38.7
24,3.5,8.0,3.3,2.5,51.6,9,28,52.4
18,6.1,7.2,3.8,3.0,99.6,10,14,54.9
20,4.8,9.1,4.9,4.1,73.7,8,26,48.2
22,0.8,5.5,5.4,3.6,84.2,7,21,41.5
19,5.4,7.8,2.5,2.2,100.0,5,11,71.6
21,3.1,7.5,5.1,3.5,76.2,1,6,51.8
23,2.6,4.5,4.3,2.4,82.8,9,22,37.6
18,4.3,5.0,5.6,3.6,53.3,4,29,57.4
19,4.4,6.5,1.5,0.9,83.8,10,8,55.9
19,5.0,9.9,5.0,3.9,54.9,10,9,37.8
21,4.5,8.6,2.7,2.0,75.3,7,6,43.5
18,1.6,5.5,3.5,2.7,75.1,8,26,48.5
22,4.7,5.1,4.9,3.0,63.6,4,20,52.7
23,6.5,6.7,4.4,2.2,76.9,2,7,64.8
18,0.6,8.6,3.6,2.4,76.7,6,5,16.6
20,2.9,3.0,4.5,2.5,95.3,6,23,29.6
21,6.2,8.3,3.3,2.4,89.8,5,29,75.9
21,3.7,7.8,5.2,3.5,75.2,3,7,49.4
18,3.4,6.0,5.1,3.2,76.6,6,22,52.5